category,entry_id,component,original_batch
later_claim_calibration_present,entry-03595,cults,batch-111
later_claim_calibration_present,entry-03596,cults,batch-111
later_claim_calibration_present,entry-03605,cults,batch-112
later_claim_calibration_present,entry-03620,cults,batch-112
later_claim_calibration_present,entry-03627,cults,batch-112
later_claim_calibration_present,entry-03689,cults,batch-114
later_claim_calibration_present,entry-03714,orcs,batch-114
later_claim_calibration_present,entry-03729,orcs,batch-115
no_valid_full_entry_review,entry-03733,orcs,batch-115
no_valid_full_entry_review,entry-03735,orcs,batch-115
no_valid_full_entry_review,entry-03736,orcs,batch-115
no_valid_full_entry_review,entry-03737,orcs,batch-115
no_valid_full_entry_review,entry-03738,orcs,batch-115
no_valid_full_entry_review,entry-03739,orcs,batch-115
no_valid_full_entry_review,entry-03741,orcs,batch-115
no_valid_full_entry_review,entry-03742,orcs,batch-115
no_valid_full_entry_review,entry-03743,orcs,batch-115
no_valid_full_entry_review,entry-03745,orcs,batch-115
no_valid_full_entry_review,entry-03747,orcs,batch-115
no_valid_full_entry_review,entry-03748,orcs,batch-115
no_valid_full_entry_review,entry-03749,orcs,batch-115
no_valid_full_entry_review,entry-03750,orcs,batch-115
no_valid_full_entry_review,entry-03751,orcs,batch-115
no_valid_full_entry_review,entry-03752,orcs,batch-115
no_valid_full_entry_review,entry-03753,orcs,batch-115
no_valid_full_entry_review,entry-03754,orcs,batch-115
no_valid_full_entry_review,entry-03755,orcs,batch-115
no_valid_full_entry_review,entry-03756,orcs,batch-115
no_valid_full_entry_review,entry-03757,orcs,batch-115
no_valid_full_entry_review,entry-03758,orcs,batch-115
no_valid_full_entry_review,entry-03759,orcs,batch-115
no_valid_full_entry_review,entry-03760,orcs,batch-115
no_valid_full_entry_review,entry-03761,orcs,batch-115
no_valid_full_entry_review,entry-03762,orcs,batch-115
no_valid_full_entry_review,entry-03764,orcs,batch-115
no_valid_full_entry_review,entry-03765,orcs,batch-116
no_valid_full_entry_review,entry-03767,orcs,batch-116
no_valid_full_entry_review,entry-03768,orcs,batch-116
no_valid_full_entry_review,entry-03769,orcs,batch-116
no_valid_full_entry_review,entry-03772,orcs,batch-116
no_valid_full_entry_review,entry-03773,orcs,batch-116
no_valid_full_entry_review,entry-03776,orcs,batch-116
no_valid_full_entry_review,entry-03777,orcs,batch-116
no_valid_full_entry_review,entry-03779,orcs,batch-116
no_valid_full_entry_review,entry-03780,orcs,batch-116
no_valid_full_entry_review,entry-03782,orcs,batch-116
no_valid_full_entry_review,entry-03783,orcs,batch-116
no_valid_full_entry_review,entry-03784,orcs,batch-116
no_valid_full_entry_review,entry-03785,orcs,batch-116
no_valid_full_entry_review,entry-03786,orcs,batch-116
no_valid_full_entry_review,entry-03787,orcs,batch-116
no_valid_full_entry_review,entry-03789,orcs,batch-116
no_valid_full_entry_review,entry-03790,orcs,batch-116
no_valid_full_entry_review,entry-03791,orcs,batch-116
no_valid_full_entry_review,entry-03792,orcs,batch-116
no_valid_full_entry_review,entry-03793,orcs,batch-116
no_valid_full_entry_review,entry-03794,orcs,batch-116
no_valid_full_entry_review,entry-03795,orcs,batch-116
no_valid_full_entry_review,entry-03796,orcs,batch-116
no_valid_full_entry_review,entry-03797,orcs,batch-116
no_valid_full_entry_review,entry-03798,orcs,batch-116
no_valid_full_entry_review,entry-03799,orcs,batch-116
no_valid_full_entry_review,entry-03800,orcs,batch-116
no_valid_full_entry_review,entry-03801,orcs,batch-116
no_valid_full_entry_review,entry-03802,orcs,batch-116
no_valid_full_entry_review,entry-03803,orcs,batch-116
no_valid_full_entry_review,entry-03804,orcs,batch-116
no_valid_full_entry_review,entry-03805,orcs,batch-117
no_valid_full_entry_review,entry-03806,orcs,batch-117
no_valid_full_entry_review,entry-03807,orcs,batch-117
no_valid_full_entry_review,entry-03808,orcs,batch-117
no_valid_full_entry_review,entry-03809,orcs,batch-117
no_valid_full_entry_review,entry-03810,orcs,batch-117
no_valid_full_entry_review,entry-03811,orcs,batch-117
no_valid_full_entry_review,entry-03812,orcs,batch-117
no_valid_full_entry_review,entry-03813,orcs,batch-117
no_valid_full_entry_review,entry-03815,orcs,batch-117
no_valid_full_entry_review,entry-03816,orcs,batch-117
no_valid_full_entry_review,entry-03818,orcs,batch-117
no_valid_full_entry_review,entry-03819,orcs,batch-117
no_valid_full_entry_review,entry-03820,orcs,batch-117
no_valid_full_entry_review,entry-03821,orcs,batch-117
no_valid_full_entry_review,entry-03822,orcs,batch-117
no_valid_full_entry_review,entry-03823,orcs,batch-117
no_valid_full_entry_review,entry-03825,orcs,batch-117
no_valid_full_entry_review,entry-03826,orcs,batch-117
no_valid_full_entry_review,entry-03827,orcs,batch-117
no_valid_full_entry_review,entry-03828,orcs,batch-117
no_valid_full_entry_review,entry-03829,orcs,batch-117
no_valid_full_entry_review,entry-03831,orcs,batch-117
no_valid_full_entry_review,entry-03832,orcs,batch-117
no_valid_full_entry_review,entry-03833,orcs,batch-117
no_valid_full_entry_review,entry-03834,orcs,batch-117
no_valid_full_entry_review,entry-03835,orcs,batch-117
no_valid_full_entry_review,entry-03836,orcs,batch-117
no_valid_full_entry_review,entry-03837,orcs,batch-117
no_valid_full_entry_review,entry-03838,orcs,batch-117
no_valid_full_entry_review,entry-03839,orcs,batch-117
no_valid_full_entry_review,entry-03840,orcs,batch-117
no_valid_full_entry_review,entry-03845,orcs,batch-118
no_valid_full_entry_review,entry-03849,orcs,batch-118
no_valid_full_entry_review,entry-03850,orcs,batch-118
no_valid_full_entry_review,entry-03851,orcs,batch-118
no_valid_full_entry_review,entry-03852,orcs,batch-118
no_valid_full_entry_review,entry-03853,orcs,batch-118
no_valid_full_entry_review,entry-03854,orcs,batch-118
no_valid_full_entry_review,entry-03856,orcs,batch-119
no_valid_full_entry_review,entry-03859,orcs,batch-119
no_valid_full_entry_review,entry-03860,orcs,batch-119
no_valid_full_entry_review,entry-03861,orcs,batch-119
no_valid_full_entry_review,entry-03864,orcs,batch-120
no_valid_full_entry_review,entry-03865,orcs,batch-120
no_valid_full_entry_review,entry-03871,orcs,batch-123
no_valid_full_entry_review,entry-03872,orcs,batch-123
no_valid_full_entry_review,entry-03875,orcs,batch-124
no_valid_full_entry_review,entry-03878,orcs,batch-124
no_valid_full_entry_review,entry-03879,orcs,batch-124
no_valid_full_entry_review,entry-03881,orcs,batch-124
no_valid_full_entry_review,entry-03882,orcs,batch-124
no_valid_full_entry_review,entry-03883,orcs,batch-124
no_valid_full_entry_review,entry-03887,orcs,batch-124
no_valid_full_entry_review,entry-03888,orcs,batch-124
no_valid_full_entry_review,entry-03890,orcs,batch-124
no_valid_full_entry_review,entry-03892,orcs,batch-124
no_valid_full_entry_review,entry-03896,orcs,batch-124
no_valid_full_entry_review,entry-03897,orcs,batch-124
no_valid_full_entry_review,entry-03898,orcs,batch-124
no_valid_full_entry_review,entry-03900,orcs,batch-124
no_valid_full_entry_review,entry-03901,orcs,batch-124
no_valid_full_entry_review,entry-03902,orcs,batch-124
no_valid_full_entry_review,entry-03903,orcs,batch-124
no_valid_full_entry_review,entry-03904,orcs,batch-124
no_valid_full_entry_review,entry-03905,orcs,batch-124
no_valid_full_entry_review,entry-03906,orcs,batch-124
no_valid_full_entry_review,entry-03910,orcs,batch-124
no_valid_full_entry_review,entry-03912,orcs,batch-124
no_valid_full_entry_review,entry-03913,orcs,batch-125
no_valid_full_entry_review,entry-03914,orcs,batch-125
no_valid_full_entry_review,entry-03916,orcs,batch-125
no_valid_full_entry_review,entry-03918,orcs,batch-125
no_valid_full_entry_review,entry-03919,orcs,batch-125
no_valid_full_entry_review,entry-03921,orcs,batch-125
no_valid_full_entry_review,entry-03922,orcs,batch-125
no_valid_full_entry_review,entry-03924,orcs,batch-125
no_valid_full_entry_review,entry-03925,orcs,batch-125
no_valid_full_entry_review,entry-03926,orcs,batch-125
no_valid_full_entry_review,entry-03927,orcs,batch-125
no_valid_full_entry_review,entry-03930,orcs,batch-125
no_valid_full_entry_review,entry-03931,orcs,batch-125
no_valid_full_entry_review,entry-03933,orcs,batch-125
no_valid_full_entry_review,entry-03934,orcs,batch-125
no_valid_full_entry_review,entry-03937,orcs,batch-125
no_valid_full_entry_review,entry-03938,orcs,batch-125
no_valid_full_entry_review,entry-03939,orcs,batch-125
no_valid_full_entry_review,entry-03940,orcs,batch-125
no_valid_full_entry_review,entry-03941,orcs,batch-125
no_valid_full_entry_review,entry-03942,orcs,batch-125
no_valid_full_entry_review,entry-03943,orcs,batch-125
no_valid_full_entry_review,entry-03944,orcs,batch-125
no_valid_full_entry_review,entry-03946,orcs,batch-125
no_valid_full_entry_review,entry-03949,orcs,batch-125
no_valid_full_entry_review,entry-03950,orcs,batch-125
no_valid_full_entry_review,entry-03951,orcs,batch-125
no_valid_full_entry_review,entry-03952,orcs,batch-125
no_valid_full_entry_review,entry-03953,orcs,batch-126
no_valid_full_entry_review,entry-03954,orcs,batch-126
no_valid_full_entry_review,entry-03956,orcs,batch-126
no_valid_full_entry_review,entry-03957,orcs,batch-126
no_valid_full_entry_review,entry-03958,orcs,batch-126
no_valid_full_entry_review,entry-03959,orcs,batch-126
no_valid_full_entry_review,entry-03960,orcs,batch-126
no_valid_full_entry_review,entry-03961,orcs,batch-126
no_valid_full_entry_review,entry-03963,orcs,batch-126
no_valid_full_entry_review,entry-03965,orcs,batch-126
no_valid_full_entry_review,entry-03966,orcs,batch-126
no_valid_full_entry_review,entry-03967,orcs,batch-126
no_valid_full_entry_review,entry-03968,orcs,batch-126
no_valid_full_entry_review,entry-03969,orcs,batch-126
no_valid_full_entry_review,entry-03970,orcs,batch-126
no_valid_full_entry_review,entry-03971,orcs,batch-126
no_valid_full_entry_review,entry-03972,orcs,batch-126
no_valid_full_entry_review,entry-03973,orcs,batch-126
no_valid_full_entry_review,entry-03974,orcs,batch-126
no_valid_full_entry_review,entry-03975,orcs,batch-126
no_valid_full_entry_review,entry-03977,orcs,batch-126
no_valid_full_entry_review,entry-03978,orcs,batch-126
no_valid_full_entry_review,entry-03979,orcs,batch-126
no_valid_full_entry_review,entry-03980,orcs,batch-126
no_valid_full_entry_review,entry-03981,orcs,batch-126
no_valid_full_entry_review,entry-03983,orcs,batch-126
no_valid_full_entry_review,entry-03984,orcs,batch-126
no_valid_full_entry_review,entry-03985,orcs,batch-126
no_valid_full_entry_review,entry-03986,orcs,batch-126
no_valid_full_entry_review,entry-03987,orcs,batch-126
no_valid_full_entry_review,entry-03990,orcs,batch-126
no_valid_full_entry_review,entry-03991,orcs,batch-126
no_valid_full_entry_review,entry-03992,orcs,batch-126
no_valid_full_entry_review,entry-03993,orcs,batch-127
no_valid_full_entry_review,entry-03996,orcs,batch-127
no_valid_full_entry_review,entry-03997,orcs,batch-127
no_valid_full_entry_review,entry-03998,orcs,batch-127
no_valid_full_entry_review,entry-04000,orcs,batch-127
no_valid_full_entry_review,entry-04001,orcs,batch-127
no_valid_full_entry_review,entry-04002,orcs,batch-127
no_valid_full_entry_review,entry-04003,orcs,batch-127
no_valid_full_entry_review,entry-04004,orcs,batch-127
no_valid_full_entry_review,entry-04005,orcs,batch-127
no_valid_full_entry_review,entry-04006,orcs,batch-127
no_valid_full_entry_review,entry-04007,orcs,batch-127
no_valid_full_entry_review,entry-04008,orcs,batch-127
no_valid_full_entry_review,entry-04009,orcs,batch-127
no_valid_full_entry_review,entry-04010,orcs,batch-127
no_valid_full_entry_review,entry-04011,orcs,batch-127
no_valid_full_entry_review,entry-04012,orcs,batch-127
no_valid_full_entry_review,entry-04014,orcs,batch-127
no_valid_full_entry_review,entry-04015,orcs,batch-127
no_valid_full_entry_review,entry-04016,orcs,batch-127
no_valid_full_entry_review,entry-04017,orcs,batch-127
no_valid_full_entry_review,entry-04018,orcs,batch-127
no_valid_full_entry_review,entry-04019,orcs,batch-127
no_valid_full_entry_review,entry-04020,orcs,batch-127
no_valid_full_entry_review,entry-04021,orcs,batch-127
no_valid_full_entry_review,entry-04022,orcs,batch-127
no_valid_full_entry_review,entry-04023,orcs,batch-127
no_valid_full_entry_review,entry-04024,orcs,batch-127
no_valid_full_entry_review,entry-04025,orcs,batch-127
no_valid_full_entry_review,entry-04026,orcs,batch-127
no_valid_full_entry_review,entry-04027,orcs,batch-127
no_valid_full_entry_review,entry-04028,orcs,batch-127
no_valid_full_entry_review,entry-04029,orcs,batch-127
no_valid_full_entry_review,entry-04030,orcs,batch-127
no_valid_full_entry_review,entry-04032,orcs,batch-127
no_valid_full_entry_review,entry-04033,orcs,batch-128
no_valid_full_entry_review,entry-04034,orcs,batch-128
no_valid_full_entry_review,entry-04035,orcs,batch-128
no_valid_full_entry_review,entry-04037,orcs,batch-128
no_valid_full_entry_review,entry-04038,orcs,batch-128
no_valid_full_entry_review,entry-04040,orcs,batch-128
no_valid_full_entry_review,entry-04041,orcs,batch-128
no_valid_full_entry_review,entry-04043,orcs,batch-128
no_valid_full_entry_review,entry-04044,orcs,batch-128
no_valid_full_entry_review,entry-04045,orcs,batch-128
no_valid_full_entry_review,entry-04046,orcs,batch-128
no_valid_full_entry_review,entry-04047,orcs,batch-128
no_valid_full_entry_review,entry-04048,orcs,batch-128
no_valid_full_entry_review,entry-04049,orcs,batch-128
no_valid_full_entry_review,entry-04050,orcs,batch-128
no_valid_full_entry_review,entry-04051,orcs,batch-128
no_valid_full_entry_review,entry-04052,orcs,batch-128
no_valid_full_entry_review,entry-04053,orcs,batch-128
no_valid_full_entry_review,entry-04054,orcs,batch-128
no_valid_full_entry_review,entry-04055,orcs,batch-128
no_valid_full_entry_review,entry-04056,orcs,batch-128
no_valid_full_entry_review,entry-04057,orcs,batch-128
no_valid_full_entry_review,entry-04058,orcs,batch-128
no_valid_full_entry_review,entry-04059,orcs,batch-128
no_valid_full_entry_review,entry-04060,orcs,batch-128
no_valid_full_entry_review,entry-04061,orcs,batch-128
no_valid_full_entry_review,entry-04062,orcs,batch-128
no_valid_full_entry_review,entry-04063,orcs,batch-128
no_valid_full_entry_review,entry-04064,orcs,batch-128
no_valid_full_entry_review,entry-04065,orcs,batch-128
no_valid_full_entry_review,entry-04066,orcs,batch-128
no_valid_full_entry_review,entry-04069,orcs,batch-128
no_valid_full_entry_review,entry-04070,orcs,batch-128
no_valid_full_entry_review,entry-04071,orcs,batch-128
no_valid_full_entry_review,entry-04072,orcs,batch-128
no_valid_full_entry_review,entry-04074,orcs,batch-129
no_valid_full_entry_review,entry-04075,orcs,batch-129
no_valid_full_entry_review,entry-04076,orcs,batch-129
no_valid_full_entry_review,entry-04077,orcs,batch-129
no_valid_full_entry_review,entry-04079,orcs,batch-129
no_valid_full_entry_review,entry-04081,orcs,batch-129
no_valid_full_entry_review,entry-04082,orcs,batch-129
no_valid_full_entry_review,entry-04084,orcs,batch-129
no_valid_full_entry_review,entry-04085,orcs,batch-129
no_valid_full_entry_review,entry-04088,orcs,batch-129
no_valid_full_entry_review,entry-04090,orcs,batch-129
no_valid_full_entry_review,entry-04091,orcs,batch-129
no_valid_full_entry_review,entry-04092,orcs,batch-129
no_valid_full_entry_review,entry-04093,orcs,batch-129
no_valid_full_entry_review,entry-04094,orcs,batch-129
no_valid_full_entry_review,entry-04095,orcs,batch-129
no_valid_full_entry_review,entry-04096,orcs,batch-129
no_valid_full_entry_review,entry-04097,orcs,batch-129
no_valid_full_entry_review,entry-04098,orcs,batch-129
no_valid_full_entry_review,entry-04099,orcs,batch-129
no_valid_full_entry_review,entry-04101,orcs,batch-129
no_valid_full_entry_review,entry-04104,orcs,batch-129
no_valid_full_entry_review,entry-04105,orcs,batch-129
no_valid_full_entry_review,entry-04106,orcs,batch-129
no_valid_full_entry_review,entry-04107,orcs,batch-129
no_valid_full_entry_review,entry-04108,orcs,batch-129
no_valid_full_entry_review,entry-04109,orcs,batch-129
no_valid_full_entry_review,entry-04110,orcs,batch-129
no_valid_full_entry_review,entry-04114,orcs,batch-130
no_valid_full_entry_review,entry-04115,orcs,batch-130
no_valid_full_entry_review,entry-04116,possessors,batch-130
no_valid_full_entry_review,entry-04117,possessors,batch-130
no_valid_full_entry_review,entry-04118,possessors,batch-130
no_valid_full_entry_review,entry-04122,possessors,batch-130
no_valid_full_entry_review,entry-04123,possessors,batch-130
no_valid_full_entry_review,entry-04124,possessors,batch-130
no_valid_full_entry_review,entry-04125,possessors,batch-130
no_valid_full_entry_review,entry-04129,possessors,batch-130
no_valid_full_entry_review,entry-04130,possessors,batch-130
no_valid_full_entry_review,entry-04131,possessors,batch-130
no_valid_full_entry_review,entry-04132,possessors,batch-130
no_valid_full_entry_review,entry-04134,possessors,batch-130
no_valid_full_entry_review,entry-04135,possessors,batch-130
no_valid_full_entry_review,entry-04136,possessors,batch-130
no_valid_full_entry_review,entry-04137,possessors,batch-130
no_valid_full_entry_review,entry-04139,possessors,batch-130
no_valid_full_entry_review,entry-04140,possessors,batch-130
no_valid_full_entry_review,entry-04141,possessors,batch-130
no_valid_full_entry_review,entry-04143,possessors,batch-130
pending_fact_or_source,entry-00004,engine,batch-001
pending_fact_or_source,entry-00039,engine,batch-001
pending_fact_or_source,entry-00094,engine,batch-003
pending_fact_or_source,entry-00102,engine,batch-003
pending_fact_or_source,entry-00105,engine,batch-003
pending_fact_or_source,entry-00110,engine,batch-003
pending_fact_or_source,entry-00111,engine,batch-003
pending_fact_or_source,entry-00112,engine,batch-003
pending_fact_or_source,entry-00128,boot,batch-004
pending_fact_or_source,entry-00136,boot,batch-004
pending_fact_or_source,entry-00139,boot,batch-004
pending_fact_or_source,entry-00144,boot,batch-004
pending_fact_or_source,entry-00145,boot,batch-004
pending_fact_or_source,entry-00146,boot,batch-004
pending_fact_or_source,entry-00165,tome,batch-005
pending_fact_or_source,entry-00184,tome,batch-005
pending_fact_or_source,entry-00198,tome,batch-005
pending_fact_or_source,entry-00231,tome,batch-006
pending_fact_or_source,entry-00240,tome,batch-006
pending_fact_or_source,entry-00288,tome,batch-008
pending_fact_or_source,entry-00298,tome,batch-008
pending_fact_or_source,entry-00318,tome,batch-008
pending_fact_or_source,entry-00344,tome,batch-009
pending_fact_or_source,entry-00360,tome,batch-009
pending_fact_or_source,entry-00374,tome,batch-010
pending_fact_or_source,entry-00423,tome,batch-011
pending_fact_or_source,entry-00429,tome,batch-011
pending_fact_or_source,entry-00443,tome,batch-012
pending_fact_or_source,entry-00458,tome,batch-012
pending_fact_or_source,entry-00492,tome,batch-013
pending_fact_or_source,entry-00500,tome,batch-013
pending_fact_or_source,entry-00553,tome,batch-014
pending_fact_or_source,entry-00560,tome,batch-014
pending_fact_or_source,entry-00570,tome,batch-015
pending_fact_or_source,entry-00623,tome,batch-016
pending_fact_or_source,entry-00634,tome,batch-016
pending_fact_or_source,entry-00646,tome,batch-017
pending_fact_or_source,entry-00650,tome,batch-017
pending_fact_or_source,entry-00652,tome,batch-017
pending_fact_or_source,entry-00653,tome,batch-017
pending_fact_or_source,entry-00660,tome,batch-017
pending_fact_or_source,entry-00680,tome,batch-017
pending_fact_or_source,entry-00683,tome,batch-018
pending_fact_or_source,entry-00719,tome,batch-018
pending_fact_or_source,entry-00722,tome,batch-019
pending_fact_or_source,entry-00728,tome,batch-019
pending_fact_or_source,entry-00730,tome,batch-019
pending_fact_or_source,entry-00731,tome,batch-019
pending_fact_or_source,entry-00733,tome,batch-019
pending_fact_or_source,entry-00740,tome,batch-019
pending_fact_or_source,entry-00746,tome,batch-019
pending_fact_or_source,entry-00752,tome,batch-019
pending_fact_or_source,entry-00760,tome,batch-019
pending_fact_or_source,entry-00763,tome,batch-020
pending_fact_or_source,entry-00781,tome,batch-020
pending_fact_or_source,entry-00800,tome,batch-020
pending_fact_or_source,entry-00804,tome,batch-021
pending_fact_or_source,entry-00805,tome,batch-021
pending_fact_or_source,entry-00820,tome,batch-021
pending_fact_or_source,entry-00840,tome,batch-021
pending_fact_or_source,entry-00914,tome,batch-023
pending_fact_or_source,entry-00972,tome,batch-025
pending_fact_or_source,entry-00984,tome,batch-025
pending_fact_or_source,entry-00992,tome,batch-025
pending_fact_or_source,entry-01001,tome,batch-025
pending_fact_or_source,entry-01029,tome,batch-026
pending_fact_or_source,entry-01032,tome,batch-026
pending_fact_or_source,entry-01038,tome,batch-026
pending_fact_or_source,entry-01068,tome,batch-027
pending_fact_or_source,entry-01081,tome,batch-027
pending_fact_or_source,entry-01085,tome,batch-028
pending_fact_or_source,entry-01116,tome,batch-028
pending_fact_or_source,entry-01120,tome,batch-028
pending_fact_or_source,entry-01132,tome,batch-029
pending_fact_or_source,entry-01156,tome,batch-029
pending_fact_or_source,entry-01162,tome,batch-029
pending_fact_or_source,entry-01163,tome,batch-029
pending_fact_or_source,entry-01205,tome,batch-031
pending_fact_or_source,entry-01214,tome,batch-031
pending_fact_or_source,entry-01215,tome,batch-032
pending_fact_or_source,entry-01220,tome,batch-033
pending_fact_or_source,entry-01221,tome,batch-034
pending_fact_or_source,entry-01222,tome,batch-035
pending_fact_or_source,entry-01223,tome,batch-036
pending_fact_or_source,entry-01224,tome,batch-037
pending_fact_or_source,entry-01225,tome,batch-038
pending_fact_or_source,entry-01228,tome,batch-039
pending_fact_or_source,entry-01247,tome,batch-040
pending_fact_or_source,entry-01256,tome,batch-041
pending_fact_or_source,entry-01259,tome,batch-041
pending_fact_or_source,entry-01262,tome,batch-041
pending_fact_or_source,entry-01267,tome,batch-041
pending_fact_or_source,entry-01277,tome,batch-042
pending_fact_or_source,entry-01280,tome,batch-042
pending_fact_or_source,entry-01282,tome,batch-043
pending_fact_or_source,entry-01286,tome,batch-043
pending_fact_or_source,entry-01290,tome,batch-043
pending_fact_or_source,entry-01292,tome,batch-044
pending_fact_or_source,entry-01294,tome,batch-044
pending_fact_or_source,entry-01296,tome,batch-044
pending_fact_or_source,entry-01298,tome,batch-044
pending_fact_or_source,entry-01302,tome,batch-045
pending_fact_or_source,entry-01306,tome,batch-045
pending_fact_or_source,entry-01308,tome,batch-046
pending_fact_or_source,entry-01310,tome,batch-046
pending_fact_or_source,entry-01312,tome,batch-046
pending_fact_or_source,entry-01313,tome,batch-046
pending_fact_or_source,entry-01315,tome,batch-046
pending_fact_or_source,entry-01317,tome,batch-047
pending_fact_or_source,entry-01318,tome,batch-047
pending_fact_or_source,entry-01319,tome,batch-047
pending_fact_or_source,entry-01320,tome,batch-047
pending_fact_or_source,entry-01328,tome,batch-048
pending_fact_or_source,entry-01344,tome,batch-048
pending_fact_or_source,entry-01382,tome,batch-049
pending_fact_or_source,entry-01384,tome,batch-049
pending_fact_or_source,entry-01386,tome,batch-050
pending_fact_or_source,entry-01389,tome,batch-050
pending_fact_or_source,entry-01392,tome,batch-050
pending_fact_or_source,entry-01400,tome,batch-050
pending_fact_or_source,entry-01408,tome,batch-050
pending_fact_or_source,entry-01410,tome,batch-050
pending_fact_or_source,entry-01424,tome,batch-050
pending_fact_or_source,entry-01432,tome,batch-051
pending_fact_or_source,entry-01438,tome,batch-051
pending_fact_or_source,entry-01450,tome,batch-051
pending_fact_or_source,entry-01463,tome,batch-051
pending_fact_or_source,entry-01498,tome,batch-052
pending_fact_or_source,entry-01504,tome,batch-052
pending_fact_or_source,entry-01531,tome,batch-053
pending_fact_or_source,entry-01536,tome,batch-053
pending_fact_or_source,entry-01557,tome,batch-054
pending_fact_or_source,entry-01565,tome,batch-054
pending_fact_or_source,entry-01586,tome,batch-055
pending_fact_or_source,entry-01625,tome,batch-056
pending_fact_or_source,entry-01659,tome,batch-056
pending_fact_or_source,entry-01661,tome,batch-056
pending_fact_or_source,entry-01665,tome,batch-056
pending_fact_or_source,entry-01703,tome,batch-057
pending_fact_or_source,entry-01705,tome,batch-057
pending_fact_or_source,entry-01751,tome,batch-059
pending_fact_or_source,entry-01785,tome,batch-059
pending_fact_or_source,entry-01788,tome,batch-060
pending_fact_or_source,entry-01803,tome,batch-060
pending_fact_or_source,entry-01823,tome,batch-060
pending_fact_or_source,entry-01839,tome,batch-061
pending_fact_or_source,entry-01899,tome,batch-062
pending_fact_or_source,entry-01905,tome,batch-062
pending_fact_or_source,entry-01913,tome,batch-063
pending_fact_or_source,entry-01919,tome,batch-063
pending_fact_or_source,entry-01980,tome,batch-064
pending_fact_or_source,entry-02022,tome,batch-065
pending_fact_or_source,entry-02023,tome,batch-065
pending_fact_or_source,entry-02024,tome,batch-065
pending_fact_or_source,entry-02081,tome,batch-067
pending_fact_or_source,entry-02107,tome,batch-067
pending_fact_or_source,entry-02115,tome,batch-068
pending_fact_or_source,entry-02149,tome,batch-069
pending_fact_or_source,entry-02227,tome,batch-070
pending_fact_or_source,entry-02267,tome,batch-071
pending_fact_or_source,entry-02307,tome,batch-072
pending_fact_or_source,entry-02327,tome,batch-073
pending_fact_or_source,entry-02354,tome,batch-074
pending_fact_or_source,entry-02356,tome,batch-074
pending_fact_or_source,entry-02360,tome,batch-074
pending_fact_or_source,entry-02381,tome,batch-074
pending_fact_or_source,entry-02392,tome,batch-075
pending_fact_or_source,entry-02394,tome,batch-075
pending_fact_or_source,entry-02422,tome,batch-075
pending_fact_or_source,entry-02425,tome,batch-075
pending_fact_or_source,entry-02426,tome,batch-075
pending_fact_or_source,entry-02427,tome,batch-075
pending_fact_or_source,entry-02428,tome,batch-075
pending_fact_or_source,entry-02435,tome,batch-076
pending_fact_or_source,entry-02456,tome,batch-076
pending_fact_or_source,entry-02466,tome,batch-076
pending_fact_or_source,entry-02489,tome,batch-077
pending_fact_or_source,entry-02500,tome,batch-077
pending_fact_or_source,entry-02506,tome,batch-077
pending_fact_or_source,entry-02520,tome,batch-078
pending_fact_or_source,entry-02522,tome,batch-078
pending_fact_or_source,entry-02524,tome,batch-078
pending_fact_or_source,entry-02552,tome,batch-079
pending_fact_or_source,entry-02599,tome,batch-080
pending_fact_or_source,entry-02601,tome,batch-080
pending_fact_or_source,entry-02609,tome,batch-080
pending_fact_or_source,entry-02638,tome,batch-081
pending_fact_or_source,entry-02643,tome,batch-081
pending_fact_or_source,entry-02644,tome,batch-081
pending_fact_or_source,entry-02691,tome,batch-082
pending_fact_or_source,entry-02694,tome,batch-083
pending_fact_or_source,entry-02731,tome,batch-083
pending_fact_or_source,entry-02735,tome,batch-084
pending_fact_or_source,entry-02740,tome,batch-084
pending_fact_or_source,entry-02759,tome,batch-084
pending_fact_or_source,entry-02763,tome,batch-084
pending_fact_or_source,entry-02765,tome,batch-084
pending_fact_or_source,entry-02771,tome,batch-084
pending_fact_or_source,entry-02790,tome,batch-085
pending_fact_or_source,entry-02791,tome,batch-085
pending_fact_or_source,entry-02798,tome,batch-085
pending_fact_or_source,entry-02805,tome,batch-085
pending_fact_or_source,entry-02849,tome,batch-086
pending_fact_or_source,entry-02850,tome,batch-086
pending_fact_or_source,entry-03023,tome,batch-091
pending_fact_or_source,entry-03025,tome,batch-091
pending_fact_or_source,entry-03027,tome,batch-091
pending_fact_or_source,entry-03051,tome,batch-091
pending_fact_or_source,entry-03092,tome,batch-093
pending_fact_or_source,entry-03112,tome,batch-093
pending_fact_or_source,entry-03114,tome,batch-093
pending_fact_or_source,entry-03122,tome,batch-093
pending_fact_or_source,entry-03167,tome,batch-094
pending_fact_or_source,entry-03206,tome,batch-095
pending_fact_or_source,entry-03210,tome,batch-095
pending_fact_or_source,entry-03236,tome,batch-096
pending_fact_or_source,entry-03299,tome,batch-098
pending_fact_or_source,entry-03322,tome,batch-098
pending_fact_or_source,entry-03327,addon-dev,batch-099
pending_fact_or_source,entry-03328,addon-dev,batch-099
pending_fact_or_source,entry-03336,ashes-urhrok,batch-099
pending_fact_or_source,entry-03360,ashes-urhrok,batch-099
pending_fact_or_source,entry-03381,ashes-urhrok,batch-102
pending_fact_or_source,entry-03396,ashes-urhrok,batch-103
pending_fact_or_source,entry-03403,ashes-urhrok,batch-103
pending_fact_or_source,entry-03407,ashes-urhrok,batch-103
pending_fact_or_source,entry-03412,ashes-urhrok,batch-103
pending_fact_or_source,entry-03413,ashes-urhrok,batch-103
pending_fact_or_source,entry-03416,ashes-urhrok,batch-103
pending_fact_or_source,entry-03422,ashes-urhrok,batch-103
pending_fact_or_source,entry-03424,ashes-urhrok,batch-103
pending_fact_or_source,entry-03425,ashes-urhrok,batch-103
pending_fact_or_source,entry-03427,ashes-urhrok,batch-103
pending_fact_or_source,entry-03431,ashes-urhrok,batch-104
pending_fact_or_source,entry-03438,ashes-urhrok,batch-104
pending_fact_or_source,entry-03447,ashes-urhrok,batch-104
pending_fact_or_source,entry-03455,ashes-urhrok,batch-104
pending_fact_or_source,entry-03457,ashes-urhrok,batch-104
pending_fact_or_source,entry-03458,ashes-urhrok,batch-104
pending_fact_or_source,entry-03460,ashes-urhrok,batch-104
pending_fact_or_source,entry-03465,cults,batch-104
pending_fact_or_source,entry-03466,cults,batch-104
pending_fact_or_source,entry-03469,cults,batch-105
pending_fact_or_source,entry-03473,cults,batch-105
pending_fact_or_source,entry-03491,cults,batch-105
pending_fact_or_source,entry-03493,cults,batch-105
pending_fact_or_source,entry-03535,cults,batch-108
pending_fact_or_source,entry-03544,cults,batch-109
pending_fact_or_source,entry-03565,cults,batch-111
pending_fact_or_source,entry-03566,cults,batch-111
pending_fact_or_source,entry-03567,cults,batch-111
pending_fact_or_source,entry-03568,cults,batch-111
pending_fact_or_source,entry-03569,cults,batch-111
pending_fact_or_source,entry-03572,cults,batch-111
pending_fact_or_source,entry-03574,cults,batch-111
pending_fact_or_source,entry-03576,cults,batch-111
pending_fact_or_source,entry-03578,cults,batch-111
pending_fact_or_source,entry-03579,cults,batch-111
pending_fact_or_source,entry-03582,cults,batch-111
pending_fact_or_source,entry-03583,cults,batch-111
pending_fact_or_source,entry-03584,cults,batch-111
pending_fact_or_source,entry-03586,cults,batch-111
pending_fact_or_source,entry-03588,cults,batch-111
pending_fact_or_source,entry-03593,cults,batch-111
pending_fact_or_source,entry-03594,cults,batch-111
pending_fact_or_source,entry-03595,cults,batch-111
pending_fact_or_source,entry-03605,cults,batch-112
pending_fact_or_source,entry-03610,cults,batch-112
pending_fact_or_source,entry-03612,cults,batch-112
pending_fact_or_source,entry-03614,cults,batch-112
pending_fact_or_source,entry-03626,cults,batch-112
pending_fact_or_source,entry-03627,cults,batch-112
pending_fact_or_source,entry-03629,cults,batch-112
pending_fact_or_source,entry-03632,cults,batch-112
pending_fact_or_source,entry-03646,cults,batch-113
pending_fact_or_source,entry-03651,cults,batch-113
pending_fact_or_source,entry-03654,cults,batch-113
pending_fact_or_source,entry-03673,cults,batch-113
pending_fact_or_source,entry-03678,cults,batch-113
pending_fact_or_source,entry-03684,cults,batch-113
pending_fact_or_source,entry-03687,cults,batch-114
pending_fact_or_source,entry-03689,cults,batch-114
pending_fact_or_source,entry-03691,cults,batch-114
pending_fact_or_source,entry-03699,items-vault,batch-114
pending_fact_or_source,entry-03729,orcs,batch-115
pending_fact_or_source,entry-03770,orcs,batch-116
pending_fact_or_source,entry-03824,orcs,batch-117
pending_fact_or_source,entry-03830,orcs,batch-117
pending_fact_or_source,entry-03842,orcs,batch-117
pending_fact_or_source,entry-03844,orcs,batch-117
pending_fact_or_source,entry-03846,orcs,batch-118
pending_fact_or_source,entry-03862,orcs,batch-120
pending_fact_or_source,entry-03866,orcs,batch-121
pending_fact_or_source,entry-03867,orcs,batch-122
pending_fact_or_source,entry-03868,orcs,batch-122
pending_fact_or_source,entry-03870,orcs,batch-123
pending_fact_or_source,entry-03873,orcs,batch-124
pending_fact_or_source,entry-03885,orcs,batch-124
pending_fact_or_source,entry-03915,orcs,batch-125
pending_fact_or_source,entry-03948,orcs,batch-125
pending_fact_or_source,entry-03955,orcs,batch-126
pending_fact_or_source,entry-03962,orcs,batch-126
pending_fact_or_source,entry-03994,orcs,batch-127
pending_fact_or_source,entry-04126,possessors,batch-130
pending_fact_or_source,entry-04127,possessors,batch-130
pending_fact_or_source,entry-04133,possessors,batch-130
pending_fact_or_source,entry-04138,possessors,batch-130
reported_observation_not_claim_mapped,entry-00004,engine,batch-001
reported_observation_not_claim_mapped,entry-00039,engine,batch-001
reported_observation_not_claim_mapped,entry-00041,engine,batch-002
reported_observation_not_claim_mapped,entry-00061,engine,batch-002
reported_observation_not_claim_mapped,entry-00063,engine,batch-002
reported_observation_not_claim_mapped,entry-00069,engine,batch-002
reported_observation_not_claim_mapped,entry-00075,engine,batch-002
reported_observation_not_claim_mapped,entry-00090,engine,batch-003
reported_observation_not_claim_mapped,entry-00092,engine,batch-003
reported_observation_not_claim_mapped,entry-00094,engine,batch-003
reported_observation_not_claim_mapped,entry-00102,engine,batch-003
reported_observation_not_claim_mapped,entry-00105,engine,batch-003
reported_observation_not_claim_mapped,entry-00110,engine,batch-003
reported_observation_not_claim_mapped,entry-00111,engine,batch-003
reported_observation_not_claim_mapped,entry-00112,engine,batch-003
reported_observation_not_claim_mapped,entry-00124,boot,batch-004
reported_observation_not_claim_mapped,entry-00126,boot,batch-004
reported_observation_not_claim_mapped,entry-00128,boot,batch-004
reported_observation_not_claim_mapped,entry-00136,boot,batch-004
reported_observation_not_claim_mapped,entry-00139,boot,batch-004
reported_observation_not_claim_mapped,entry-00144,boot,batch-004
reported_observation_not_claim_mapped,entry-00145,boot,batch-004
reported_observation_not_claim_mapped,entry-00146,boot,batch-004
reported_observation_not_claim_mapped,entry-00164,tome,batch-005
reported_observation_not_claim_mapped,entry-00165,tome,batch-005
reported_observation_not_claim_mapped,entry-00166,tome,batch-005
reported_observation_not_claim_mapped,entry-00184,tome,batch-005
reported_observation_not_claim_mapped,entry-00185,tome,batch-005
reported_observation_not_claim_mapped,entry-00191,tome,batch-005
reported_observation_not_claim_mapped,entry-00195,tome,batch-005
reported_observation_not_claim_mapped,entry-00198,tome,batch-005
reported_observation_not_claim_mapped,entry-00216,tome,batch-006
reported_observation_not_claim_mapped,entry-00221,tome,batch-006
reported_observation_not_claim_mapped,entry-00223,tome,batch-006
reported_observation_not_claim_mapped,entry-00226,tome,batch-006
reported_observation_not_claim_mapped,entry-00231,tome,batch-006
reported_observation_not_claim_mapped,entry-00240,tome,batch-006
reported_observation_not_claim_mapped,entry-00244,tome,batch-007
reported_observation_not_claim_mapped,entry-00247,tome,batch-007
reported_observation_not_claim_mapped,entry-00254,tome,batch-007
reported_observation_not_claim_mapped,entry-00280,tome,batch-007
reported_observation_not_claim_mapped,entry-00284,tome,batch-008
reported_observation_not_claim_mapped,entry-00286,tome,batch-008
reported_observation_not_claim_mapped,entry-00288,tome,batch-008
reported_observation_not_claim_mapped,entry-00298,tome,batch-008
reported_observation_not_claim_mapped,entry-00299,tome,batch-008
reported_observation_not_claim_mapped,entry-00318,tome,batch-008
reported_observation_not_claim_mapped,entry-00334,tome,batch-009
reported_observation_not_claim_mapped,entry-00344,tome,batch-009
reported_observation_not_claim_mapped,entry-00345,tome,batch-009
reported_observation_not_claim_mapped,entry-00354,tome,batch-009
reported_observation_not_claim_mapped,entry-00360,tome,batch-009
reported_observation_not_claim_mapped,entry-00368,tome,batch-010
reported_observation_not_claim_mapped,entry-00373,tome,batch-010
reported_observation_not_claim_mapped,entry-00374,tome,batch-010
reported_observation_not_claim_mapped,entry-00393,tome,batch-010
reported_observation_not_claim_mapped,entry-00394,tome,batch-010
reported_observation_not_claim_mapped,entry-00395,tome,batch-010
reported_observation_not_claim_mapped,entry-00396,tome,batch-010
reported_observation_not_claim_mapped,entry-00397,tome,batch-010
reported_observation_not_claim_mapped,entry-00398,tome,batch-010
reported_observation_not_claim_mapped,entry-00399,tome,batch-010
reported_observation_not_claim_mapped,entry-00400,tome,batch-010
reported_observation_not_claim_mapped,entry-00419,tome,batch-011
reported_observation_not_claim_mapped,entry-00423,tome,batch-011
reported_observation_not_claim_mapped,entry-00428,tome,batch-011
reported_observation_not_claim_mapped,entry-00429,tome,batch-011
reported_observation_not_claim_mapped,entry-00434,tome,batch-011
reported_observation_not_claim_mapped,entry-00443,tome,batch-012
reported_observation_not_claim_mapped,entry-00448,tome,batch-012
reported_observation_not_claim_mapped,entry-00455,tome,batch-012
reported_observation_not_claim_mapped,entry-00458,tome,batch-012
reported_observation_not_claim_mapped,entry-00476,tome,batch-012
reported_observation_not_claim_mapped,entry-00486,tome,batch-013
reported_observation_not_claim_mapped,entry-00489,tome,batch-013
reported_observation_not_claim_mapped,entry-00492,tome,batch-013
reported_observation_not_claim_mapped,entry-00500,tome,batch-013
reported_observation_not_claim_mapped,entry-00501,tome,batch-013
reported_observation_not_claim_mapped,entry-00522,tome,batch-014
reported_observation_not_claim_mapped,entry-00527,tome,batch-014
reported_observation_not_claim_mapped,entry-00553,tome,batch-014
reported_observation_not_claim_mapped,entry-00560,tome,batch-014
reported_observation_not_claim_mapped,entry-00570,tome,batch-015
reported_observation_not_claim_mapped,entry-00574,tome,batch-015
reported_observation_not_claim_mapped,entry-00579,tome,batch-015
reported_observation_not_claim_mapped,entry-00581,tome,batch-015
reported_observation_not_claim_mapped,entry-00604,tome,batch-016
reported_observation_not_claim_mapped,entry-00605,tome,batch-016
reported_observation_not_claim_mapped,entry-00615,tome,batch-016
reported_observation_not_claim_mapped,entry-00620,tome,batch-016
reported_observation_not_claim_mapped,entry-00621,tome,batch-016
reported_observation_not_claim_mapped,entry-00623,tome,batch-016
reported_observation_not_claim_mapped,entry-00634,tome,batch-016
reported_observation_not_claim_mapped,entry-00644,tome,batch-017
reported_observation_not_claim_mapped,entry-00646,tome,batch-017
reported_observation_not_claim_mapped,entry-00647,tome,batch-017
reported_observation_not_claim_mapped,entry-00650,tome,batch-017
reported_observation_not_claim_mapped,entry-00652,tome,batch-017
reported_observation_not_claim_mapped,entry-00653,tome,batch-017
reported_observation_not_claim_mapped,entry-00657,tome,batch-017
reported_observation_not_claim_mapped,entry-00660,tome,batch-017
reported_observation_not_claim_mapped,entry-00680,tome,batch-017
reported_observation_not_claim_mapped,entry-00683,tome,batch-018
reported_observation_not_claim_mapped,entry-00684,tome,batch-018
reported_observation_not_claim_mapped,entry-00712,tome,batch-018
reported_observation_not_claim_mapped,entry-00713,tome,batch-018
reported_observation_not_claim_mapped,entry-00719,tome,batch-018
reported_observation_not_claim_mapped,entry-00722,tome,batch-019
reported_observation_not_claim_mapped,entry-00723,tome,batch-019
reported_observation_not_claim_mapped,entry-00728,tome,batch-019
reported_observation_not_claim_mapped,entry-00730,tome,batch-019
reported_observation_not_claim_mapped,entry-00731,tome,batch-019
reported_observation_not_claim_mapped,entry-00733,tome,batch-019
reported_observation_not_claim_mapped,entry-00740,tome,batch-019
reported_observation_not_claim_mapped,entry-00746,tome,batch-019
reported_observation_not_claim_mapped,entry-00752,tome,batch-019
reported_observation_not_claim_mapped,entry-00760,tome,batch-019
reported_observation_not_claim_mapped,entry-00763,tome,batch-020
reported_observation_not_claim_mapped,entry-00768,tome,batch-020
reported_observation_not_claim_mapped,entry-00780,tome,batch-020
reported_observation_not_claim_mapped,entry-00781,tome,batch-020
reported_observation_not_claim_mapped,entry-00800,tome,batch-020
reported_observation_not_claim_mapped,entry-00804,tome,batch-021
reported_observation_not_claim_mapped,entry-00805,tome,batch-021
reported_observation_not_claim_mapped,entry-00820,tome,batch-021
reported_observation_not_claim_mapped,entry-00840,tome,batch-021
reported_observation_not_claim_mapped,entry-00843,tome,batch-022
reported_observation_not_claim_mapped,entry-00852,tome,batch-022
reported_observation_not_claim_mapped,entry-00866,tome,batch-022
reported_observation_not_claim_mapped,entry-00873,tome,batch-022
reported_observation_not_claim_mapped,entry-00881,tome,batch-022
reported_observation_not_claim_mapped,entry-00899,tome,batch-023
reported_observation_not_claim_mapped,entry-00914,tome,batch-023
reported_observation_not_claim_mapped,entry-00918,tome,batch-023
reported_observation_not_claim_mapped,entry-00948,tome,batch-024
reported_observation_not_claim_mapped,entry-00972,tome,batch-025
reported_observation_not_claim_mapped,entry-00980,tome,batch-025
reported_observation_not_claim_mapped,entry-00984,tome,batch-025
reported_observation_not_claim_mapped,entry-00992,tome,batch-025
reported_observation_not_claim_mapped,entry-00997,tome,batch-025
reported_observation_not_claim_mapped,entry-01000,tome,batch-025
reported_observation_not_claim_mapped,entry-01001,tome,batch-025
reported_observation_not_claim_mapped,entry-01002,tome,batch-025
reported_observation_not_claim_mapped,entry-01029,tome,batch-026
reported_observation_not_claim_mapped,entry-01032,tome,batch-026
reported_observation_not_claim_mapped,entry-01038,tome,batch-026
reported_observation_not_claim_mapped,entry-01068,tome,batch-027
reported_observation_not_claim_mapped,entry-01074,tome,batch-027
reported_observation_not_claim_mapped,entry-01081,tome,batch-027
reported_observation_not_claim_mapped,entry-01085,tome,batch-028
reported_observation_not_claim_mapped,entry-01096,tome,batch-028
reported_observation_not_claim_mapped,entry-01116,tome,batch-028
reported_observation_not_claim_mapped,entry-01120,tome,batch-028
reported_observation_not_claim_mapped,entry-01127,tome,batch-029
reported_observation_not_claim_mapped,entry-01132,tome,batch-029
reported_observation_not_claim_mapped,entry-01137,tome,batch-029
reported_observation_not_claim_mapped,entry-01145,tome,batch-029
reported_observation_not_claim_mapped,entry-01149,tome,batch-029
reported_observation_not_claim_mapped,entry-01155,tome,batch-029
reported_observation_not_claim_mapped,entry-01156,tome,batch-029
reported_observation_not_claim_mapped,entry-01160,tome,batch-029
reported_observation_not_claim_mapped,entry-01161,tome,batch-029
reported_observation_not_claim_mapped,entry-01162,tome,batch-029
reported_observation_not_claim_mapped,entry-01163,tome,batch-029
reported_observation_not_claim_mapped,entry-01183,tome,batch-030
reported_observation_not_claim_mapped,entry-01193,tome,batch-030
reported_observation_not_claim_mapped,entry-01194,tome,batch-030
reported_observation_not_claim_mapped,entry-01196,tome,batch-030
reported_observation_not_claim_mapped,entry-01198,tome,batch-030
reported_observation_not_claim_mapped,entry-01201,tome,batch-030
reported_observation_not_claim_mapped,entry-01205,tome,batch-031
reported_observation_not_claim_mapped,entry-01210,tome,batch-031
reported_observation_not_claim_mapped,entry-01211,tome,batch-031
reported_observation_not_claim_mapped,entry-01214,tome,batch-031
reported_observation_not_claim_mapped,entry-01215,tome,batch-032
reported_observation_not_claim_mapped,entry-01216,tome,batch-032
reported_observation_not_claim_mapped,entry-01218,tome,batch-032
reported_observation_not_claim_mapped,entry-01220,tome,batch-033
reported_observation_not_claim_mapped,entry-01221,tome,batch-034
reported_observation_not_claim_mapped,entry-01222,tome,batch-035
reported_observation_not_claim_mapped,entry-01223,tome,batch-036
reported_observation_not_claim_mapped,entry-01224,tome,batch-037
reported_observation_not_claim_mapped,entry-01225,tome,batch-038
reported_observation_not_claim_mapped,entry-01228,tome,batch-039
reported_observation_not_claim_mapped,entry-01230,tome,batch-040
reported_observation_not_claim_mapped,entry-01245,tome,batch-040
reported_observation_not_claim_mapped,entry-01247,tome,batch-040
reported_observation_not_claim_mapped,entry-01252,tome,batch-041
reported_observation_not_claim_mapped,entry-01256,tome,batch-041
reported_observation_not_claim_mapped,entry-01259,tome,batch-041
reported_observation_not_claim_mapped,entry-01262,tome,batch-041
reported_observation_not_claim_mapped,entry-01263,tome,batch-041
reported_observation_not_claim_mapped,entry-01267,tome,batch-041
reported_observation_not_claim_mapped,entry-01270,tome,batch-042
reported_observation_not_claim_mapped,entry-01271,tome,batch-042
reported_observation_not_claim_mapped,entry-01272,tome,batch-042
reported_observation_not_claim_mapped,entry-01273,tome,batch-042
reported_observation_not_claim_mapped,entry-01275,tome,batch-042
reported_observation_not_claim_mapped,entry-01277,tome,batch-042
reported_observation_not_claim_mapped,entry-01278,tome,batch-042
reported_observation_not_claim_mapped,entry-01280,tome,batch-042
reported_observation_not_claim_mapped,entry-01282,tome,batch-043
reported_observation_not_claim_mapped,entry-01283,tome,batch-043
reported_observation_not_claim_mapped,entry-01286,tome,batch-043
reported_observation_not_claim_mapped,entry-01290,tome,batch-043
reported_observation_not_claim_mapped,entry-01292,tome,batch-044
reported_observation_not_claim_mapped,entry-01294,tome,batch-044
reported_observation_not_claim_mapped,entry-01296,tome,batch-044
reported_observation_not_claim_mapped,entry-01298,tome,batch-044
reported_observation_not_claim_mapped,entry-01302,tome,batch-045
reported_observation_not_claim_mapped,entry-01306,tome,batch-045
reported_observation_not_claim_mapped,entry-01308,tome,batch-046
reported_observation_not_claim_mapped,entry-01310,tome,batch-046
reported_observation_not_claim_mapped,entry-01312,tome,batch-046
reported_observation_not_claim_mapped,entry-01313,tome,batch-046
reported_observation_not_claim_mapped,entry-01314,tome,batch-046
reported_observation_not_claim_mapped,entry-01315,tome,batch-046
reported_observation_not_claim_mapped,entry-01316,tome,batch-046
reported_observation_not_claim_mapped,entry-01317,tome,batch-047
reported_observation_not_claim_mapped,entry-01318,tome,batch-047
reported_observation_not_claim_mapped,entry-01319,tome,batch-047
reported_observation_not_claim_mapped,entry-01320,tome,batch-047
reported_observation_not_claim_mapped,entry-01321,tome,batch-047
reported_observation_not_claim_mapped,entry-01326,tome,batch-048
reported_observation_not_claim_mapped,entry-01328,tome,batch-048
reported_observation_not_claim_mapped,entry-01331,tome,batch-048
reported_observation_not_claim_mapped,entry-01333,tome,batch-048
reported_observation_not_claim_mapped,entry-01334,tome,batch-048
reported_observation_not_claim_mapped,entry-01344,tome,batch-048
reported_observation_not_claim_mapped,entry-01347,tome,batch-049
reported_observation_not_claim_mapped,entry-01382,tome,batch-049
reported_observation_not_claim_mapped,entry-01384,tome,batch-049
reported_observation_not_claim_mapped,entry-01385,tome,batch-050
reported_observation_not_claim_mapped,entry-01386,tome,batch-050
reported_observation_not_claim_mapped,entry-01389,tome,batch-050
reported_observation_not_claim_mapped,entry-01391,tome,batch-050
reported_observation_not_claim_mapped,entry-01392,tome,batch-050
reported_observation_not_claim_mapped,entry-01400,tome,batch-050
reported_observation_not_claim_mapped,entry-01408,tome,batch-050
reported_observation_not_claim_mapped,entry-01409,tome,batch-050
reported_observation_not_claim_mapped,entry-01410,tome,batch-050
reported_observation_not_claim_mapped,entry-01424,tome,batch-050
reported_observation_not_claim_mapped,entry-01432,tome,batch-051
reported_observation_not_claim_mapped,entry-01438,tome,batch-051
reported_observation_not_claim_mapped,entry-01450,tome,batch-051
reported_observation_not_claim_mapped,entry-01462,tome,batch-051
reported_observation_not_claim_mapped,entry-01463,tome,batch-051
reported_observation_not_claim_mapped,entry-01464,tome,batch-051
reported_observation_not_claim_mapped,entry-01468,tome,batch-052
reported_observation_not_claim_mapped,entry-01474,tome,batch-052
reported_observation_not_claim_mapped,entry-01479,tome,batch-052
reported_observation_not_claim_mapped,entry-01482,tome,batch-052
reported_observation_not_claim_mapped,entry-01486,tome,batch-052
reported_observation_not_claim_mapped,entry-01491,tome,batch-052
reported_observation_not_claim_mapped,entry-01496,tome,batch-052
reported_observation_not_claim_mapped,entry-01498,tome,batch-052
reported_observation_not_claim_mapped,entry-01504,tome,batch-052
reported_observation_not_claim_mapped,entry-01508,tome,batch-053
reported_observation_not_claim_mapped,entry-01509,tome,batch-053
reported_observation_not_claim_mapped,entry-01510,tome,batch-053
reported_observation_not_claim_mapped,entry-01512,tome,batch-053
reported_observation_not_claim_mapped,entry-01514,tome,batch-053
reported_observation_not_claim_mapped,entry-01516,tome,batch-053
reported_observation_not_claim_mapped,entry-01517,tome,batch-053
reported_observation_not_claim_mapped,entry-01518,tome,batch-053
reported_observation_not_claim_mapped,entry-01528,tome,batch-053
reported_observation_not_claim_mapped,entry-01531,tome,batch-053
reported_observation_not_claim_mapped,entry-01534,tome,batch-053
reported_observation_not_claim_mapped,entry-01536,tome,batch-053
reported_observation_not_claim_mapped,entry-01543,tome,batch-053
reported_observation_not_claim_mapped,entry-01544,tome,batch-053
reported_observation_not_claim_mapped,entry-01554,tome,batch-054
reported_observation_not_claim_mapped,entry-01557,tome,batch-054
reported_observation_not_claim_mapped,entry-01563,tome,batch-054
reported_observation_not_claim_mapped,entry-01565,tome,batch-054
reported_observation_not_claim_mapped,entry-01576,tome,batch-054
reported_observation_not_claim_mapped,entry-01586,tome,batch-055
reported_observation_not_claim_mapped,entry-01588,tome,batch-055
reported_observation_not_claim_mapped,entry-01605,tome,batch-055
reported_observation_not_claim_mapped,entry-01617,tome,batch-055
reported_observation_not_claim_mapped,entry-01625,tome,batch-056
reported_observation_not_claim_mapped,entry-01632,tome,batch-056
reported_observation_not_claim_mapped,entry-01633,tome,batch-056
reported_observation_not_claim_mapped,entry-01641,tome,batch-056
reported_observation_not_claim_mapped,entry-01644,tome,batch-056
reported_observation_not_claim_mapped,entry-01657,tome,batch-056
reported_observation_not_claim_mapped,entry-01659,tome,batch-056
reported_observation_not_claim_mapped,entry-01661,tome,batch-056
reported_observation_not_claim_mapped,entry-01665,tome,batch-056
reported_observation_not_claim_mapped,entry-01689,tome,batch-057
reported_observation_not_claim_mapped,entry-01700,tome,batch-057
reported_observation_not_claim_mapped,entry-01703,tome,batch-057
reported_observation_not_claim_mapped,entry-01705,tome,batch-057
reported_observation_not_claim_mapped,entry-01706,tome,batch-058
reported_observation_not_claim_mapped,entry-01709,tome,batch-058
reported_observation_not_claim_mapped,entry-01711,tome,batch-058
reported_observation_not_claim_mapped,entry-01718,tome,batch-058
reported_observation_not_claim_mapped,entry-01727,tome,batch-058
reported_observation_not_claim_mapped,entry-01732,tome,batch-058
reported_observation_not_claim_mapped,entry-01740,tome,batch-058
reported_observation_not_claim_mapped,entry-01742,tome,batch-058
reported_observation_not_claim_mapped,entry-01751,tome,batch-059
reported_observation_not_claim_mapped,entry-01767,tome,batch-059
reported_observation_not_claim_mapped,entry-01785,tome,batch-059
reported_observation_not_claim_mapped,entry-01788,tome,batch-060
reported_observation_not_claim_mapped,entry-01798,tome,batch-060
reported_observation_not_claim_mapped,entry-01803,tome,batch-060
reported_observation_not_claim_mapped,entry-01804,tome,batch-060
reported_observation_not_claim_mapped,entry-01807,tome,batch-060
reported_observation_not_claim_mapped,entry-01820,tome,batch-060
reported_observation_not_claim_mapped,entry-01823,tome,batch-060
reported_observation_not_claim_mapped,entry-01835,tome,batch-061
reported_observation_not_claim_mapped,entry-01838,tome,batch-061
reported_observation_not_claim_mapped,entry-01839,tome,batch-061
reported_observation_not_claim_mapped,entry-01851,tome,batch-061
reported_observation_not_claim_mapped,entry-01861,tome,batch-061
reported_observation_not_claim_mapped,entry-01868,tome,batch-062
reported_observation_not_claim_mapped,entry-01870,tome,batch-062
reported_observation_not_claim_mapped,entry-01891,tome,batch-062
reported_observation_not_claim_mapped,entry-01895,tome,batch-062
reported_observation_not_claim_mapped,entry-01899,tome,batch-062
reported_observation_not_claim_mapped,entry-01905,tome,batch-062
reported_observation_not_claim_mapped,entry-01911,tome,batch-063
reported_observation_not_claim_mapped,entry-01913,tome,batch-063
reported_observation_not_claim_mapped,entry-01917,tome,
reported_observation_not_claim_mapped,entry-01919,tome,batch-063
reported_observation_not_claim_mapped,entry-01924,tome,batch-063
reported_observation_not_claim_mapped,entry-01945,tome,batch-063
reported_observation_not_claim_mapped,entry-01970,tome,batch-064
reported_observation_not_claim_mapped,entry-01976,tome,batch-064
reported_observation_not_claim_mapped,entry-01980,tome,batch-064
reported_observation_not_claim_mapped,entry-01984,tome,batch-064
reported_observation_not_claim_mapped,entry-01988,tome,batch-065
reported_observation_not_claim_mapped,entry-01989,tome,batch-065
reported_observation_not_claim_mapped,entry-01994,tome,batch-065
reported_observation_not_claim_mapped,entry-02000,tome,batch-065
reported_observation_not_claim_mapped,entry-02004,tome,batch-065
reported_observation_not_claim_mapped,entry-02015,tome,batch-065
reported_observation_not_claim_mapped,entry-02022,tome,batch-065
reported_observation_not_claim_mapped,entry-02023,tome,batch-065
reported_observation_not_claim_mapped,entry-02024,tome,batch-065
reported_observation_not_claim_mapped,entry-02025,tome,batch-065
reported_observation_not_claim_mapped,entry-02026,tome,batch-065
reported_observation_not_claim_mapped,entry-02027,tome,batch-065
reported_observation_not_claim_mapped,entry-02028,tome,batch-066
reported_observation_not_claim_mapped,entry-02032,tome,batch-066
reported_observation_not_claim_mapped,entry-02043,tome,batch-066
reported_observation_not_claim_mapped,entry-02050,tome,batch-066
reported_observation_not_claim_mapped,entry-02058,tome,batch-066
reported_observation_not_claim_mapped,entry-02066,tome,batch-066
reported_observation_not_claim_mapped,entry-02067,tome,batch-066
reported_observation_not_claim_mapped,entry-02069,tome,batch-067
reported_observation_not_claim_mapped,entry-02074,tome,batch-067
reported_observation_not_claim_mapped,entry-02081,tome,batch-067
reported_observation_not_claim_mapped,entry-02097,tome,batch-067
reported_observation_not_claim_mapped,entry-02103,tome,batch-067
reported_observation_not_claim_mapped,entry-02106,tome,batch-067
reported_observation_not_claim_mapped,entry-02107,tome,batch-067
reported_observation_not_claim_mapped,entry-02109,tome,batch-068
reported_observation_not_claim_mapped,entry-02110,tome,batch-068
reported_observation_not_claim_mapped,entry-02113,tome,batch-068
reported_observation_not_claim_mapped,entry-02115,tome,batch-068
reported_observation_not_claim_mapped,entry-02125,tome,batch-068
reported_observation_not_claim_mapped,entry-02128,tome,batch-068
reported_observation_not_claim_mapped,entry-02141,tome,batch-068
reported_observation_not_claim_mapped,entry-02148,tome,batch-069
reported_observation_not_claim_mapped,entry-02149,tome,batch-069
reported_observation_not_claim_mapped,entry-02150,tome,batch-069
reported_observation_not_claim_mapped,entry-02153,tome,batch-069
reported_observation_not_claim_mapped,entry-02181,tome,batch-069
reported_observation_not_claim_mapped,entry-02187,tome,batch-069
reported_observation_not_claim_mapped,entry-02189,tome,batch-070
reported_observation_not_claim_mapped,entry-02191,tome,batch-070
reported_observation_not_claim_mapped,entry-02192,tome,batch-070
reported_observation_not_claim_mapped,entry-02207,tome,batch-070
reported_observation_not_claim_mapped,entry-02210,tome,batch-070
reported_observation_not_claim_mapped,entry-02212,tome,batch-070
reported_observation_not_claim_mapped,entry-02227,tome,batch-070
reported_observation_not_claim_mapped,entry-02252,tome,batch-071
reported_observation_not_claim_mapped,entry-02258,tome,batch-071
reported_observation_not_claim_mapped,entry-02259,tome,batch-071
reported_observation_not_claim_mapped,entry-02265,tome,batch-071
reported_observation_not_claim_mapped,entry-02267,tome,batch-071
reported_observation_not_claim_mapped,entry-02269,tome,batch-072
reported_observation_not_claim_mapped,entry-02273,tome,batch-072
reported_observation_not_claim_mapped,entry-02277,tome,batch-072
reported_observation_not_claim_mapped,entry-02278,tome,batch-072
reported_observation_not_claim_mapped,entry-02280,tome,batch-072
reported_observation_not_claim_mapped,entry-02290,tome,batch-072
reported_observation_not_claim_mapped,entry-02303,tome,batch-072
reported_observation_not_claim_mapped,entry-02306,tome,batch-072
reported_observation_not_claim_mapped,entry-02307,tome,batch-072
reported_observation_not_claim_mapped,entry-02312,tome,batch-073
reported_observation_not_claim_mapped,entry-02319,tome,batch-073
reported_observation_not_claim_mapped,entry-02326,tome,batch-073
reported_observation_not_claim_mapped,entry-02327,tome,batch-073
reported_observation_not_claim_mapped,entry-02337,tome,batch-073
reported_observation_not_claim_mapped,entry-02343,tome,batch-073
reported_observation_not_claim_mapped,entry-02344,tome,batch-073
reported_observation_not_claim_mapped,entry-02345,tome,batch-073
reported_observation_not_claim_mapped,entry-02346,tome,batch-073
reported_observation_not_claim_mapped,entry-02347,tome,batch-073
reported_observation_not_claim_mapped,entry-02352,tome,batch-074
reported_observation_not_claim_mapped,entry-02354,tome,batch-074
reported_observation_not_claim_mapped,entry-02356,tome,batch-074
reported_observation_not_claim_mapped,entry-02360,tome,batch-074
reported_observation_not_claim_mapped,entry-02380,tome,batch-074
reported_observation_not_claim_mapped,entry-02381,tome,batch-074
reported_observation_not_claim_mapped,entry-02391,tome,batch-075
reported_observation_not_claim_mapped,entry-02392,tome,batch-075
reported_observation_not_claim_mapped,entry-02393,tome,batch-075
reported_observation_not_claim_mapped,entry-02394,tome,batch-075
reported_observation_not_claim_mapped,entry-02399,tome,batch-075
reported_observation_not_claim_mapped,entry-02422,tome,batch-075
reported_observation_not_claim_mapped,entry-02425,tome,batch-075
reported_observation_not_claim_mapped,entry-02426,tome,batch-075
reported_observation_not_claim_mapped,entry-02427,tome,batch-075
reported_observation_not_claim_mapped,entry-02428,tome,batch-075
reported_observation_not_claim_mapped,entry-02435,tome,batch-076
reported_observation_not_claim_mapped,entry-02439,tome,batch-076
reported_observation_not_claim_mapped,entry-02449,tome,batch-076
reported_observation_not_claim_mapped,entry-02451,tome,batch-076
reported_observation_not_claim_mapped,entry-02456,tome,batch-076
reported_observation_not_claim_mapped,entry-02460,tome,batch-076
reported_observation_not_claim_mapped,entry-02466,tome,batch-076
reported_observation_not_claim_mapped,entry-02474,tome,batch-077
reported_observation_not_claim_mapped,entry-02489,tome,batch-077
reported_observation_not_claim_mapped,entry-02500,tome,batch-077
reported_observation_not_claim_mapped,entry-02506,tome,batch-077
reported_observation_not_claim_mapped,entry-02520,tome,batch-078
reported_observation_not_claim_mapped,entry-02521,tome,batch-078
reported_observation_not_claim_mapped,entry-02522,tome,batch-078
reported_observation_not_claim_mapped,entry-02523,tome,batch-078
reported_observation_not_claim_mapped,entry-02524,tome,batch-078
reported_observation_not_claim_mapped,entry-02530,tome,batch-078
reported_observation_not_claim_mapped,entry-02533,tome,batch-078
reported_observation_not_claim_mapped,entry-02534,tome,batch-078
reported_observation_not_claim_mapped,entry-02538,tome,batch-079
reported_observation_not_claim_mapped,entry-02541,tome,batch-079
reported_observation_not_claim_mapped,entry-02545,tome,batch-079
reported_observation_not_claim_mapped,entry-02552,tome,batch-079
reported_observation_not_claim_mapped,entry-02555,tome,batch-079
reported_observation_not_claim_mapped,entry-02557,tome,batch-079
reported_observation_not_claim_mapped,entry-02559,tome,batch-079
reported_observation_not_claim_mapped,entry-02565,tome,batch-079
reported_observation_not_claim_mapped,entry-02568,tome,batch-079
reported_observation_not_claim_mapped,entry-02570,tome,batch-079
reported_observation_not_claim_mapped,entry-02576,tome,batch-080
reported_observation_not_claim_mapped,entry-02579,tome,batch-080
reported_observation_not_claim_mapped,entry-02586,tome,batch-080
reported_observation_not_claim_mapped,entry-02598,tome,batch-080
reported_observation_not_claim_mapped,entry-02599,tome,batch-080
reported_observation_not_claim_mapped,entry-02601,tome,batch-080
reported_observation_not_claim_mapped,entry-02609,tome,batch-080
reported_observation_not_claim_mapped,entry-02614,tome,batch-081
reported_observation_not_claim_mapped,entry-02636,tome,batch-081
reported_observation_not_claim_mapped,entry-02637,tome,batch-081
reported_observation_not_claim_mapped,entry-02638,tome,batch-081
reported_observation_not_claim_mapped,entry-02640,tome,batch-081
reported_observation_not_claim_mapped,entry-02643,tome,batch-081
reported_observation_not_claim_mapped,entry-02644,tome,batch-081
reported_observation_not_claim_mapped,entry-02688,tome,batch-082
reported_observation_not_claim_mapped,entry-02691,tome,batch-082
reported_observation_not_claim_mapped,entry-02694,tome,batch-083
reported_observation_not_claim_mapped,entry-02700,tome,batch-083
reported_observation_not_claim_mapped,entry-02731,tome,batch-083
reported_observation_not_claim_mapped,entry-02735,tome,batch-084
reported_observation_not_claim_mapped,entry-02740,tome,batch-084
reported_observation_not_claim_mapped,entry-02747,tome,batch-084
reported_observation_not_claim_mapped,entry-02759,tome,batch-084
reported_observation_not_claim_mapped,entry-02763,tome,batch-084
reported_observation_not_claim_mapped,entry-02764,tome,batch-084
reported_observation_not_claim_mapped,entry-02765,tome,batch-084
reported_observation_not_claim_mapped,entry-02771,tome,batch-084
reported_observation_not_claim_mapped,entry-02775,tome,batch-085
reported_observation_not_claim_mapped,entry-02789,tome,batch-085
reported_observation_not_claim_mapped,entry-02790,tome,batch-085
reported_observation_not_claim_mapped,entry-02791,tome,batch-085
reported_observation_not_claim_mapped,entry-02798,tome,batch-085
reported_observation_not_claim_mapped,entry-02801,tome,batch-085
reported_observation_not_claim_mapped,entry-02805,tome,batch-085
reported_observation_not_claim_mapped,entry-02806,tome,batch-085
reported_observation_not_claim_mapped,entry-02807,tome,batch-085
reported_observation_not_claim_mapped,entry-02828,tome,batch-086
reported_observation_not_claim_mapped,entry-02830,tome,batch-086
reported_observation_not_claim_mapped,entry-02846,tome,batch-086
reported_observation_not_claim_mapped,entry-02849,tome,batch-086
reported_observation_not_claim_mapped,entry-02850,tome,batch-086
reported_observation_not_claim_mapped,entry-02921,tome,batch-088
reported_observation_not_claim_mapped,entry-02927,tome,batch-088
reported_observation_not_claim_mapped,entry-02929,tome,batch-088
reported_observation_not_claim_mapped,entry-02937,tome,batch-089
reported_observation_not_claim_mapped,entry-02957,tome,batch-089
reported_observation_not_claim_mapped,entry-02967,tome,batch-089
reported_observation_not_claim_mapped,entry-02973,tome,batch-090
reported_observation_not_claim_mapped,entry-02982,tome,batch-090
reported_observation_not_claim_mapped,entry-03023,tome,batch-091
reported_observation_not_claim_mapped,entry-03025,tome,batch-091
reported_observation_not_claim_mapped,entry-03027,tome,batch-091
reported_observation_not_claim_mapped,entry-03051,tome,batch-091
reported_observation_not_claim_mapped,entry-03058,tome,batch-092
reported_observation_not_claim_mapped,entry-03092,tome,batch-093
reported_observation_not_claim_mapped,entry-03112,tome,batch-093
reported_observation_not_claim_mapped,entry-03114,tome,batch-093
reported_observation_not_claim_mapped,entry-03118,tome,batch-093
reported_observation_not_claim_mapped,entry-03122,tome,batch-093
reported_observation_not_claim_mapped,entry-03129,tome,batch-093
reported_observation_not_claim_mapped,entry-03137,tome,batch-094
reported_observation_not_claim_mapped,entry-03139,tome,batch-094
reported_observation_not_claim_mapped,entry-03149,tome,batch-094
reported_observation_not_claim_mapped,entry-03167,tome,batch-094
reported_observation_not_claim_mapped,entry-03176,tome,batch-095
reported_observation_not_claim_mapped,entry-03183,tome,batch-095
reported_observation_not_claim_mapped,entry-03191,tome,batch-095
reported_observation_not_claim_mapped,entry-03192,tome,batch-095
reported_observation_not_claim_mapped,entry-03195,tome,batch-095
reported_observation_not_claim_mapped,entry-03196,tome,batch-095
reported_observation_not_claim_mapped,entry-03197,tome,batch-095
reported_observation_not_claim_mapped,entry-03201,tome,batch-095
reported_observation_not_claim_mapped,entry-03203,tome,batch-095
reported_observation_not_claim_mapped,entry-03216,tome,batch-096
reported_observation_not_claim_mapped,entry-03217,tome,batch-096
reported_observation_not_claim_mapped,entry-03218,tome,batch-096
reported_observation_not_claim_mapped,entry-03220,tome,batch-096
reported_observation_not_claim_mapped,entry-03222,tome,batch-096
reported_observation_not_claim_mapped,entry-03225,tome,batch-096
reported_observation_not_claim_mapped,entry-03227,tome,batch-096
reported_observation_not_claim_mapped,entry-03230,tome,batch-096
reported_observation_not_claim_mapped,entry-03236,tome,batch-096
reported_observation_not_claim_mapped,entry-03245,tome,batch-096
reported_observation_not_claim_mapped,entry-03248,tome,batch-096
reported_observation_not_claim_mapped,entry-03258,tome,batch-097
reported_observation_not_claim_mapped,entry-03263,tome,batch-097
reported_observation_not_claim_mapped,entry-03268,tome,batch-097
reported_observation_not_claim_mapped,entry-03272,tome,batch-097
reported_observation_not_claim_mapped,entry-03282,tome,batch-097
reported_observation_not_claim_mapped,entry-03289,tome,batch-097
reported_observation_not_claim_mapped,entry-03294,tome,batch-098
reported_observation_not_claim_mapped,entry-03299,tome,batch-098
reported_observation_not_claim_mapped,entry-03300,tome,batch-098
reported_observation_not_claim_mapped,entry-03305,tome,batch-098
reported_observation_not_claim_mapped,entry-03335,addon-dev,batch-099
reported_observation_not_claim_mapped,entry-03341,ashes-urhrok,batch-099
reported_observation_not_claim_mapped,entry-03345,ashes-urhrok,batch-099
reported_observation_not_claim_mapped,entry-03347,ashes-urhrok,batch-099
reported_observation_not_claim_mapped,entry-03352,ashes-urhrok,batch-099
reported_observation_not_claim_mapped,entry-03363,ashes-urhrok,batch-099
reported_observation_not_claim_mapped,entry-03364,ashes-urhrok,batch-099
reported_observation_not_claim_mapped,entry-03365,ashes-urhrok,batch-100
reported_observation_not_claim_mapped,entry-03366,ashes-urhrok,batch-101
reported_observation_not_claim_mapped,entry-03374,ashes-urhrok,batch-101
reported_observation_not_claim_mapped,entry-03376,ashes-urhrok,batch-101
reported_observation_not_claim_mapped,entry-03377,ashes-urhrok,batch-101
reported_observation_not_claim_mapped,entry-03383,ashes-urhrok,batch-102
reported_observation_not_claim_mapped,entry-03384,ashes-urhrok,batch-102
reported_observation_not_claim_mapped,entry-03388,ashes-urhrok,batch-102
reported_observation_not_claim_mapped,entry-03393,ashes-urhrok,batch-103
reported_observation_not_claim_mapped,entry-03395,ashes-urhrok,batch-103
reported_observation_not_claim_mapped,entry-03396,ashes-urhrok,batch-103
reported_observation_not_claim_mapped,entry-03400,ashes-urhrok,batch-103
reported_observation_not_claim_mapped,entry-03402,ashes-urhrok,batch-103
reported_observation_not_claim_mapped,entry-03404,ashes-urhrok,batch-103
reported_observation_not_claim_mapped,entry-03413,ashes-urhrok,batch-103
reported_observation_not_claim_mapped,entry-03420,ashes-urhrok,batch-103
reported_observation_not_claim_mapped,entry-03429,ashes-urhrok,batch-104
reported_observation_not_claim_mapped,entry-03430,ashes-urhrok,batch-104
reported_observation_not_claim_mapped,entry-03431,ashes-urhrok,batch-104
reported_observation_not_claim_mapped,entry-03436,ashes-urhrok,batch-104
reported_observation_not_claim_mapped,entry-03437,ashes-urhrok,batch-104
reported_observation_not_claim_mapped,entry-03441,ashes-urhrok,batch-104
reported_observation_not_claim_mapped,entry-03445,ashes-urhrok,batch-104
reported_observation_not_claim_mapped,entry-03448,ashes-urhrok,batch-104
reported_observation_not_claim_mapped,entry-03454,ashes-urhrok,batch-104
reported_observation_not_claim_mapped,entry-03455,ashes-urhrok,batch-104
reported_observation_not_claim_mapped,entry-03456,ashes-urhrok,batch-104
reported_observation_not_claim_mapped,entry-03458,ashes-urhrok,batch-104
reported_observation_not_claim_mapped,entry-03460,ashes-urhrok,batch-104
reported_observation_not_claim_mapped,entry-03464,cults,batch-104
reported_observation_not_claim_mapped,entry-03468,cults,batch-104
reported_observation_not_claim_mapped,entry-03472,cults,batch-105
reported_observation_not_claim_mapped,entry-03475,cults,batch-105
reported_observation_not_claim_mapped,entry-03476,cults,batch-105
reported_observation_not_claim_mapped,entry-03477,cults,batch-105
reported_observation_not_claim_mapped,entry-03488,cults,batch-105
reported_observation_not_claim_mapped,entry-03489,cults,batch-105
reported_observation_not_claim_mapped,entry-03490,cults,batch-105
reported_observation_not_claim_mapped,entry-03491,cults,batch-105
reported_observation_not_claim_mapped,entry-03493,cults,batch-105
reported_observation_not_claim_mapped,entry-03496,cults,batch-105
reported_observation_not_claim_mapped,entry-03501,cults,batch-105
reported_observation_not_claim_mapped,entry-03510,cults,batch-106
reported_observation_not_claim_mapped,entry-03511,cults,batch-106
reported_observation_not_claim_mapped,entry-03513,cults,batch-106
reported_observation_not_claim_mapped,entry-03514,cults,batch-106
reported_observation_not_claim_mapped,entry-03517,cults,batch-106
reported_observation_not_claim_mapped,entry-03527,cults,batch-107
reported_observation_not_claim_mapped,entry-03531,cults,batch-107
reported_observation_not_claim_mapped,entry-03533,cults,batch-108
reported_observation_not_claim_mapped,entry-03535,cults,batch-108
reported_observation_not_claim_mapped,entry-03540,cults,batch-108
reported_observation_not_claim_mapped,entry-03543,cults,batch-108
reported_observation_not_claim_mapped,entry-03544,cults,batch-109
reported_observation_not_claim_mapped,entry-03548,cults,batch-109
reported_observation_not_claim_mapped,entry-03549,cults,batch-109
reported_observation_not_claim_mapped,entry-03551,cults,batch-109
reported_observation_not_claim_mapped,entry-03555,cults,batch-110
reported_observation_not_claim_mapped,entry-03557,cults,batch-110
reported_observation_not_claim_mapped,entry-03558,cults,batch-110
reported_observation_not_claim_mapped,entry-03562,cults,batch-110
reported_observation_not_claim_mapped,entry-03564,cults,batch-110
reported_observation_not_claim_mapped,entry-03568,cults,batch-111
reported_observation_not_claim_mapped,entry-03570,cults,batch-111
reported_observation_not_claim_mapped,entry-03571,cults,batch-111
reported_observation_not_claim_mapped,entry-03574,cults,batch-111
reported_observation_not_claim_mapped,entry-03579,cults,batch-111
reported_observation_not_claim_mapped,entry-03581,cults,batch-111
reported_observation_not_claim_mapped,entry-03582,cults,batch-111
reported_observation_not_claim_mapped,entry-03583,cults,batch-111
reported_observation_not_claim_mapped,entry-03588,cults,batch-111
reported_observation_not_claim_mapped,entry-03593,cults,batch-111
reported_observation_not_claim_mapped,entry-03594,cults,batch-111
reported_observation_not_claim_mapped,entry-03598,cults,batch-111
reported_observation_not_claim_mapped,entry-03600,cults,batch-111
reported_observation_not_claim_mapped,entry-03604,cults,batch-111
reported_observation_not_claim_mapped,entry-03606,cults,batch-112
reported_observation_not_claim_mapped,entry-03609,cults,batch-112
reported_observation_not_claim_mapped,entry-03614,cults,batch-112
reported_observation_not_claim_mapped,entry-03617,cults,batch-112
reported_observation_not_claim_mapped,entry-03620,cults,batch-112
reported_observation_not_claim_mapped,entry-03623,cults,batch-112
reported_observation_not_claim_mapped,entry-03630,cults,batch-112
reported_observation_not_claim_mapped,entry-03633,cults,batch-112
reported_observation_not_claim_mapped,entry-03642,cults,batch-112
reported_observation_not_claim_mapped,entry-03643,cults,batch-112
reported_observation_not_claim_mapped,entry-03650,cults,batch-113
reported_observation_not_claim_mapped,entry-03655,cults,batch-113
reported_observation_not_claim_mapped,entry-03659,cults,batch-113
reported_observation_not_claim_mapped,entry-03672,cults,batch-113
reported_observation_not_claim_mapped,entry-03681,cults,batch-113
reported_observation_not_claim_mapped,entry-03685,cults,batch-114
reported_observation_not_claim_mapped,entry-03686,cults,batch-114
reported_observation_not_claim_mapped,entry-03689,cults,batch-114
reported_observation_not_claim_mapped,entry-03691,cults,batch-114
reported_observation_not_claim_mapped,entry-03692,cults,batch-114
reported_observation_not_claim_mapped,entry-03698,items-vault,batch-114
reported_observation_not_claim_mapped,entry-03704,orcs,batch-114
reported_observation_not_claim_mapped,entry-03719,orcs,batch-114
reported_observation_not_claim_mapped,entry-03728,orcs,batch-115
reported_observation_not_claim_mapped,entry-03729,orcs,batch-115
reported_observation_not_claim_mapped,entry-03730,orcs,batch-115
reported_observation_not_claim_mapped,entry-03732,orcs,batch-115
reported_observation_not_claim_mapped,entry-03814,orcs,batch-117
reported_observation_not_claim_mapped,entry-03830,orcs,batch-117
reported_observation_not_claim_mapped,entry-03841,orcs,batch-117
reported_observation_not_claim_mapped,entry-03844,orcs,batch-117
reported_observation_not_claim_mapped,entry-03846,orcs,batch-118
reported_observation_not_claim_mapped,entry-03847,orcs,batch-118
reported_observation_not_claim_mapped,entry-03848,orcs,batch-118
reported_observation_not_claim_mapped,entry-03855,orcs,batch-119
reported_observation_not_claim_mapped,entry-03862,orcs,batch-120
reported_observation_not_claim_mapped,entry-03866,orcs,batch-121
reported_observation_not_claim_mapped,entry-03867,orcs,batch-122
reported_observation_not_claim_mapped,entry-03868,orcs,batch-122
reported_observation_not_claim_mapped,entry-03869,orcs,batch-123
reported_observation_not_claim_mapped,entry-03870,orcs,batch-123
reported_observation_not_claim_mapped,entry-03873,orcs,batch-124
reported_observation_not_claim_mapped,entry-03874,orcs,batch-124
reported_observation_not_claim_mapped,entry-03880,orcs,batch-124
reported_observation_not_claim_mapped,entry-03885,orcs,batch-124
reported_observation_not_claim_mapped,entry-03891,orcs,batch-124
reported_observation_not_claim_mapped,entry-03894,orcs,batch-124
reported_observation_not_claim_mapped,entry-03915,orcs,batch-125
reported_observation_not_claim_mapped,entry-03920,orcs,batch-125
reported_observation_not_claim_mapped,entry-03923,orcs,batch-125
reported_observation_not_claim_mapped,entry-03928,orcs,batch-125
reported_observation_not_claim_mapped,entry-03929,orcs,batch-125
reported_observation_not_claim_mapped,entry-03962,orcs,batch-126
reported_observation_not_claim_mapped,entry-03964,orcs,batch-126
reported_observation_not_claim_mapped,entry-03988,orcs,batch-126
reported_observation_not_claim_mapped,entry-03989,orcs,batch-126
reported_observation_not_claim_mapped,entry-03995,orcs,batch-127
reported_observation_not_claim_mapped,entry-04102,orcs,batch-129
reported_observation_not_claim_mapped,entry-04113,orcs,batch-130
reported_observation_not_claim_mapped,entry-04119,possessors,batch-130
reported_observation_not_claim_mapped,entry-04133,possessors,batch-130
reported_observation_not_claim_mapped,entry-04144,possessors,batch-130
reported_suspicion_not_cross_reviewed,entry-00240,tome,batch-006
reported_suspicion_not_cross_reviewed,entry-00280,tome,batch-007
reported_suspicion_not_cross_reviewed,entry-00360,tome,batch-009
reported_suspicion_not_cross_reviewed,entry-00680,tome,batch-017
reported_suspicion_not_cross_reviewed,entry-00760,tome,batch-019
reported_suspicion_not_cross_reviewed,entry-00800,tome,batch-020
reported_suspicion_not_cross_reviewed,entry-00948,tome,batch-024
reported_suspicion_not_cross_reviewed,entry-01221,tome,batch-034
reported_suspicion_not_cross_reviewed,entry-01223,tome,batch-036
reported_suspicion_not_cross_reviewed,entry-01224,tome,batch-037
reported_suspicion_not_cross_reviewed,entry-01228,tome,batch-039
reported_suspicion_not_cross_reviewed,entry-01344,tome,batch-048
reported_suspicion_not_cross_reviewed,entry-01504,tome,batch-052
reported_suspicion_not_cross_reviewed,entry-01632,tome,batch-056
reported_suspicion_not_cross_reviewed,entry-01633,tome,batch-056
reported_suspicion_not_cross_reviewed,entry-01641,tome,batch-056
reported_suspicion_not_cross_reviewed,entry-01644,tome,batch-056
reported_suspicion_not_cross_reviewed,entry-01657,tome,batch-056
reported_suspicion_not_cross_reviewed,entry-01665,tome,batch-056
reported_suspicion_not_cross_reviewed,entry-01705,tome,batch-057
reported_suspicion_not_cross_reviewed,entry-02307,tome,batch-072
reported_suspicion_not_cross_reviewed,entry-02691,tome,batch-082
reported_suspicion_not_cross_reviewed,entry-02731,tome,batch-083
reported_suspicion_not_cross_reviewed,entry-02771,tome,batch-084
reported_suspicion_not_cross_reviewed,entry-03051,tome,batch-091
reported_suspicion_not_cross_reviewed,entry-03092,tome,batch-093
reported_suspicion_not_cross_reviewed,entry-03112,tome,batch-093
reported_suspicion_not_cross_reviewed,entry-03114,tome,batch-093
reported_suspicion_not_cross_reviewed,entry-03118,tome,batch-093
reported_suspicion_not_cross_reviewed,entry-03122,tome,batch-093
reported_suspicion_not_cross_reviewed,entry-03129,tome,batch-093
reported_suspicion_not_cross_reviewed,entry-03137,tome,batch-094
reported_suspicion_not_cross_reviewed,entry-03139,tome,batch-094
reported_suspicion_not_cross_reviewed,entry-03149,tome,batch-094
reported_suspicion_not_cross_reviewed,entry-03167,tome,batch-094
source_local_parsing_pending,entry-00004,engine,batch-001
source_local_parsing_pending,entry-00041,engine,batch-002
source_local_parsing_pending,entry-00063,engine,batch-002
source_local_parsing_pending,entry-00069,engine,batch-002
source_local_parsing_pending,entry-00090,engine,batch-003
source_local_parsing_pending,entry-00092,engine,batch-003
source_local_parsing_pending,entry-00094,engine,batch-003
source_local_parsing_pending,entry-00102,engine,batch-003
source_local_parsing_pending,entry-00105,engine,batch-003
source_local_parsing_pending,entry-00110,engine,batch-003
source_local_parsing_pending,entry-00111,engine,batch-003
source_local_parsing_pending,entry-00112,engine,batch-003
source_local_parsing_pending,entry-00124,boot,batch-004
source_local_parsing_pending,entry-00126,boot,batch-004
source_local_parsing_pending,entry-00128,boot,batch-004
source_local_parsing_pending,entry-00136,boot,batch-004
source_local_parsing_pending,entry-00139,boot,batch-004
source_local_parsing_pending,entry-00144,boot,batch-004
source_local_parsing_pending,entry-00145,boot,batch-004
source_local_parsing_pending,entry-00146,boot,batch-004
source_local_parsing_pending,entry-00160,example,batch-004
source_local_parsing_pending,entry-00161,example-realtime,batch-005
source_local_parsing_pending,entry-00164,tome,batch-005
source_local_parsing_pending,entry-00165,tome,batch-005
source_local_parsing_pending,entry-00166,tome,batch-005
source_local_parsing_pending,entry-00184,tome,batch-005
source_local_parsing_pending,entry-00185,tome,batch-005
source_local_parsing_pending,entry-00191,tome,batch-005
source_local_parsing_pending,entry-00195,tome,batch-005
source_local_parsing_pending,entry-00198,tome,batch-005
source_local_parsing_pending,entry-00203,tome,batch-006
source_local_parsing_pending,entry-00216,tome,batch-006
source_local_parsing_pending,entry-00221,tome,batch-006
source_local_parsing_pending,entry-00223,tome,batch-006
source_local_parsing_pending,entry-00226,tome,batch-006
source_local_parsing_pending,entry-00231,tome,batch-006
source_local_parsing_pending,entry-00281,tome,batch-008
source_local_parsing_pending,entry-00288,tome,batch-008
source_local_parsing_pending,entry-00298,tome,batch-008
source_local_parsing_pending,entry-00318,tome,batch-008
source_local_parsing_pending,entry-00345,tome,batch-009
source_local_parsing_pending,entry-00360,tome,batch-009
source_local_parsing_pending,entry-00401,tome,batch-011
source_local_parsing_pending,entry-00434,tome,batch-011
source_local_parsing_pending,entry-00440,tome,batch-011
source_local_parsing_pending,entry-00441,tome,batch-012
source_local_parsing_pending,entry-00443,tome,batch-012
source_local_parsing_pending,entry-00448,tome,batch-012
source_local_parsing_pending,entry-00455,tome,batch-012
source_local_parsing_pending,entry-00458,tome,batch-012
source_local_parsing_pending,entry-00476,tome,batch-012
source_local_parsing_pending,entry-00486,tome,batch-013
source_local_parsing_pending,entry-00489,tome,batch-013
source_local_parsing_pending,entry-00492,tome,batch-013
source_local_parsing_pending,entry-00500,tome,batch-013
source_local_parsing_pending,entry-00501,tome,batch-013
source_local_parsing_pending,entry-00520,tome,batch-013
source_local_parsing_pending,entry-00600,tome,batch-015
source_local_parsing_pending,entry-00620,tome,batch-016
source_local_parsing_pending,entry-00623,tome,batch-016
source_local_parsing_pending,entry-00634,tome,batch-016
source_local_parsing_pending,entry-00640,tome,batch-016
source_local_parsing_pending,entry-00641,tome,batch-017
source_local_parsing_pending,entry-00646,tome,batch-017
source_local_parsing_pending,entry-00647,tome,batch-017
source_local_parsing_pending,entry-00650,tome,batch-017
source_local_parsing_pending,entry-00653,tome,batch-017
source_local_parsing_pending,entry-00660,tome,batch-017
source_local_parsing_pending,entry-00683,tome,batch-018
source_local_parsing_pending,entry-00684,tome,batch-018
source_local_parsing_pending,entry-00712,tome,batch-018
source_local_parsing_pending,entry-00713,tome,batch-018
source_local_parsing_pending,entry-00719,tome,batch-018
source_local_parsing_pending,entry-00721,tome,batch-019
source_local_parsing_pending,entry-00722,tome,batch-019
source_local_parsing_pending,entry-00723,tome,batch-019
source_local_parsing_pending,entry-00728,tome,batch-019
source_local_parsing_pending,entry-00730,tome,batch-019
source_local_parsing_pending,entry-00731,tome,batch-019
source_local_parsing_pending,entry-00733,tome,batch-019
source_local_parsing_pending,entry-00740,tome,batch-019
source_local_parsing_pending,entry-00746,tome,batch-019
source_local_parsing_pending,entry-00752,tome,batch-019
source_local_parsing_pending,entry-00763,tome,batch-020
source_local_parsing_pending,entry-00768,tome,batch-020
source_local_parsing_pending,entry-00780,tome,batch-020
source_local_parsing_pending,entry-00781,tome,batch-020
source_local_parsing_pending,entry-00820,tome,batch-021
source_local_parsing_pending,entry-00840,tome,batch-021
source_local_parsing_pending,entry-00881,tome,batch-022
source_local_parsing_pending,entry-00899,tome,batch-023
source_local_parsing_pending,entry-00914,tome,batch-023
source_local_parsing_pending,entry-00918,tome,batch-023
source_local_parsing_pending,entry-00921,tome,batch-023
source_local_parsing_pending,entry-00958,tome,batch-024
source_local_parsing_pending,entry-00972,tome,batch-025
source_local_parsing_pending,entry-00980,tome,batch-025
source_local_parsing_pending,entry-00984,tome,batch-025
source_local_parsing_pending,entry-00992,tome,batch-025
source_local_parsing_pending,entry-00997,tome,batch-025
source_local_parsing_pending,entry-01000,tome,batch-025
source_local_parsing_pending,entry-01001,tome,batch-025
source_local_parsing_pending,entry-01002,tome,batch-025
source_local_parsing_pending,entry-01029,tome,batch-026
source_local_parsing_pending,entry-01032,tome,batch-026
source_local_parsing_pending,entry-01038,tome,batch-026
source_local_parsing_pending,entry-01044,tome,batch-027
source_local_parsing_pending,entry-01068,tome,batch-027
source_local_parsing_pending,entry-01074,tome,batch-027
source_local_parsing_pending,entry-01081,tome,batch-027
source_local_parsing_pending,entry-01085,tome,batch-028
source_local_parsing_pending,entry-01096,tome,batch-028
source_local_parsing_pending,entry-01116,tome,batch-028
source_local_parsing_pending,entry-01120,tome,batch-028
source_local_parsing_pending,entry-01124,tome,batch-028
source_local_parsing_pending,entry-01165,tome,batch-030
source_local_parsing_pending,entry-01166,tome,batch-030
source_local_parsing_pending,entry-01167,tome,batch-030
source_local_parsing_pending,entry-01168,tome,batch-030
source_local_parsing_pending,entry-01169,tome,batch-030
source_local_parsing_pending,entry-01170,tome,batch-030
source_local_parsing_pending,entry-01171,tome,batch-030
source_local_parsing_pending,entry-01172,tome,batch-030
source_local_parsing_pending,entry-01173,tome,batch-030
source_local_parsing_pending,entry-01174,tome,batch-030
source_local_parsing_pending,entry-01175,tome,batch-030
source_local_parsing_pending,entry-01176,tome,batch-030
source_local_parsing_pending,entry-01177,tome,batch-030
source_local_parsing_pending,entry-01178,tome,batch-030
source_local_parsing_pending,entry-01179,tome,batch-030
source_local_parsing_pending,entry-01180,tome,batch-030
source_local_parsing_pending,entry-01181,tome,batch-030
source_local_parsing_pending,entry-01182,tome,batch-030
source_local_parsing_pending,entry-01183,tome,batch-030
source_local_parsing_pending,entry-01184,tome,batch-030
source_local_parsing_pending,entry-01185,tome,batch-030
source_local_parsing_pending,entry-01186,tome,batch-030
source_local_parsing_pending,entry-01187,tome,batch-030
source_local_parsing_pending,entry-01188,tome,batch-030
source_local_parsing_pending,entry-01189,tome,batch-030
source_local_parsing_pending,entry-01190,tome,batch-030
source_local_parsing_pending,entry-01191,tome,batch-030
source_local_parsing_pending,entry-01192,tome,batch-030
source_local_parsing_pending,entry-01193,tome,batch-030
source_local_parsing_pending,entry-01194,tome,batch-030
source_local_parsing_pending,entry-01195,tome,batch-030
source_local_parsing_pending,entry-01196,tome,batch-030
source_local_parsing_pending,entry-01197,tome,batch-030
source_local_parsing_pending,entry-01198,tome,batch-030
source_local_parsing_pending,entry-01199,tome,batch-030
source_local_parsing_pending,entry-01200,tome,batch-030
source_local_parsing_pending,entry-01201,tome,batch-030
source_local_parsing_pending,entry-01202,tome,batch-030
source_local_parsing_pending,entry-01203,tome,batch-030
source_local_parsing_pending,entry-01204,tome,batch-030
source_local_parsing_pending,entry-01205,tome,batch-031
source_local_parsing_pending,entry-01210,tome,batch-031
source_local_parsing_pending,entry-01211,tome,batch-031
source_local_parsing_pending,entry-01214,tome,batch-031
source_local_parsing_pending,entry-01215,tome,batch-032
source_local_parsing_pending,entry-01216,tome,batch-032
source_local_parsing_pending,entry-01217,tome,batch-032
source_local_parsing_pending,entry-01218,tome,batch-032
source_local_parsing_pending,entry-01219,tome,batch-032
source_local_parsing_pending,entry-01220,tome,batch-033
source_local_parsing_pending,entry-01221,tome,batch-034
source_local_parsing_pending,entry-01222,tome,batch-035
source_local_parsing_pending,entry-01223,tome,batch-036
source_local_parsing_pending,entry-01225,tome,batch-038
source_local_parsing_pending,entry-01230,tome,batch-040
source_local_parsing_pending,entry-01245,tome,batch-040
source_local_parsing_pending,entry-01247,tome,batch-040
source_local_parsing_pending,entry-01249,tome,batch-040
source_local_parsing_pending,entry-01252,tome,batch-041
source_local_parsing_pending,entry-01256,tome,batch-041
source_local_parsing_pending,entry-01259,tome,batch-041
source_local_parsing_pending,entry-01262,tome,batch-041
source_local_parsing_pending,entry-01263,tome,batch-041
source_local_parsing_pending,entry-01267,tome,batch-041
source_local_parsing_pending,entry-01269,tome,batch-042
source_local_parsing_pending,entry-01270,tome,batch-042
source_local_parsing_pending,entry-01271,tome,batch-042
source_local_parsing_pending,entry-01272,tome,batch-042
source_local_parsing_pending,entry-01273,tome,batch-042
source_local_parsing_pending,entry-01274,tome,batch-042
source_local_parsing_pending,entry-01275,tome,batch-042
source_local_parsing_pending,entry-01276,tome,batch-042
source_local_parsing_pending,entry-01277,tome,batch-042
source_local_parsing_pending,entry-01278,tome,batch-042
source_local_parsing_pending,entry-01279,tome,batch-042
source_local_parsing_pending,entry-01280,tome,batch-042
source_local_parsing_pending,entry-01281,tome,batch-042
source_local_parsing_pending,entry-01292,tome,batch-044
source_local_parsing_pending,entry-01294,tome,batch-044
source_local_parsing_pending,entry-01296,tome,batch-044
source_local_parsing_pending,entry-01298,tome,batch-044
source_local_parsing_pending,entry-01302,tome,batch-045
source_local_parsing_pending,entry-01306,tome,batch-045
source_local_parsing_pending,entry-01308,tome,batch-046
source_local_parsing_pending,entry-01309,tome,batch-046
source_local_parsing_pending,entry-01310,tome,batch-046
source_local_parsing_pending,entry-01311,tome,batch-046
source_local_parsing_pending,entry-01312,tome,batch-046
source_local_parsing_pending,entry-01313,tome,batch-046
source_local_parsing_pending,entry-01314,tome,batch-046
source_local_parsing_pending,entry-01315,tome,batch-046
source_local_parsing_pending,entry-01316,tome,batch-046
source_local_parsing_pending,entry-01317,tome,batch-047
source_local_parsing_pending,entry-01318,tome,batch-047
source_local_parsing_pending,entry-01319,tome,batch-047
source_local_parsing_pending,entry-01320,tome,batch-047
source_local_parsing_pending,entry-01321,tome,batch-047
source_local_parsing_pending,entry-01325,tome,batch-048
source_local_parsing_pending,entry-01326,tome,batch-048
source_local_parsing_pending,entry-01327,tome,batch-048
source_local_parsing_pending,entry-01328,tome,batch-048
source_local_parsing_pending,entry-01329,tome,batch-048
source_local_parsing_pending,entry-01330,tome,batch-048
source_local_parsing_pending,entry-01331,tome,batch-048
source_local_parsing_pending,entry-01332,tome,batch-048
source_local_parsing_pending,entry-01333,tome,batch-048
source_local_parsing_pending,entry-01334,tome,batch-048
source_local_parsing_pending,entry-01335,tome,batch-048
source_local_parsing_pending,entry-01336,tome,batch-048
source_local_parsing_pending,entry-01337,tome,batch-048
source_local_parsing_pending,entry-01338,tome,batch-048
source_local_parsing_pending,entry-01339,tome,batch-048
source_local_parsing_pending,entry-01340,tome,batch-048
source_local_parsing_pending,entry-01341,tome,batch-048
source_local_parsing_pending,entry-01342,tome,batch-048
source_local_parsing_pending,entry-01343,tome,batch-048
source_local_parsing_pending,entry-01384,tome,batch-049
source_local_parsing_pending,entry-01385,tome,batch-050
source_local_parsing_pending,entry-01386,tome,batch-050
source_local_parsing_pending,entry-01389,tome,batch-050
source_local_parsing_pending,entry-01391,tome,batch-050
source_local_parsing_pending,entry-01392,tome,batch-050
source_local_parsing_pending,entry-01400,tome,batch-050
source_local_parsing_pending,entry-01408,tome,batch-050
source_local_parsing_pending,entry-01409,tome,batch-050
source_local_parsing_pending,entry-01410,tome,batch-050
source_local_parsing_pending,entry-01424,tome,batch-050
source_local_parsing_pending,entry-01432,tome,batch-051
source_local_parsing_pending,entry-01438,tome,batch-051
source_local_parsing_pending,entry-01450,tome,batch-051
source_local_parsing_pending,entry-01462,tome,batch-051
source_local_parsing_pending,entry-01463,tome,batch-051
source_local_parsing_pending,entry-01464,tome,batch-051
source_local_parsing_pending,entry-01474,tome,batch-052
source_local_parsing_pending,entry-01498,tome,batch-052
source_local_parsing_pending,entry-01505,tome,batch-053
source_local_parsing_pending,entry-01508,tome,batch-053
source_local_parsing_pending,entry-01509,tome,batch-053
source_local_parsing_pending,entry-01510,tome,batch-053
source_local_parsing_pending,entry-01512,tome,batch-053
source_local_parsing_pending,entry-01514,tome,batch-053
source_local_parsing_pending,entry-01516,tome,batch-053
source_local_parsing_pending,entry-01517,tome,batch-053
source_local_parsing_pending,entry-01518,tome,batch-053
source_local_parsing_pending,entry-01528,tome,batch-053
source_local_parsing_pending,entry-01531,tome,batch-053
source_local_parsing_pending,entry-01534,tome,batch-053
source_local_parsing_pending,entry-01536,tome,batch-053
source_local_parsing_pending,entry-01543,tome,batch-053
source_local_parsing_pending,entry-01544,tome,batch-053
source_local_parsing_pending,entry-01545,tome,batch-054
source_local_parsing_pending,entry-01554,tome,batch-054
source_local_parsing_pending,entry-01557,tome,batch-054
source_local_parsing_pending,entry-01563,tome,batch-054
source_local_parsing_pending,entry-01565,tome,batch-054
source_local_parsing_pending,entry-01576,tome,batch-054
source_local_parsing_pending,entry-01585,tome,batch-055
source_local_parsing_pending,entry-01586,tome,batch-055
source_local_parsing_pending,entry-01587,tome,batch-055
source_local_parsing_pending,entry-01588,tome,batch-055
source_local_parsing_pending,entry-01589,tome,batch-055
source_local_parsing_pending,entry-01590,tome,batch-055
source_local_parsing_pending,entry-01591,tome,batch-055
source_local_parsing_pending,entry-01592,tome,batch-055
source_local_parsing_pending,entry-01593,tome,batch-055
source_local_parsing_pending,entry-01594,tome,batch-055
source_local_parsing_pending,entry-01595,tome,batch-055
source_local_parsing_pending,entry-01596,tome,batch-055
source_local_parsing_pending,entry-01597,tome,batch-055
source_local_parsing_pending,entry-01598,tome,batch-055
source_local_parsing_pending,entry-01599,tome,batch-055
source_local_parsing_pending,entry-01600,tome,batch-055
source_local_parsing_pending,entry-01601,tome,batch-055
source_local_parsing_pending,entry-01602,tome,batch-055
source_local_parsing_pending,entry-01603,tome,batch-055
source_local_parsing_pending,entry-01604,tome,batch-055
source_local_parsing_pending,entry-01605,tome,batch-055
source_local_parsing_pending,entry-01606,tome,batch-055
source_local_parsing_pending,entry-01607,tome,batch-055
source_local_parsing_pending,entry-01608,tome,batch-055
source_local_parsing_pending,entry-01609,tome,batch-055
source_local_parsing_pending,entry-01610,tome,batch-055
source_local_parsing_pending,entry-01611,tome,batch-055
source_local_parsing_pending,entry-01612,tome,batch-055
source_local_parsing_pending,entry-01613,tome,batch-055
source_local_parsing_pending,entry-01614,tome,batch-055
source_local_parsing_pending,entry-01615,tome,batch-055
source_local_parsing_pending,entry-01616,tome,batch-055
source_local_parsing_pending,entry-01617,tome,batch-055
source_local_parsing_pending,entry-01618,tome,batch-055
source_local_parsing_pending,entry-01619,tome,batch-055
source_local_parsing_pending,entry-01620,tome,batch-055
source_local_parsing_pending,entry-01621,tome,batch-055
source_local_parsing_pending,entry-01622,tome,batch-055
source_local_parsing_pending,entry-01623,tome,batch-055
source_local_parsing_pending,entry-01624,tome,batch-055
source_local_parsing_pending,entry-01625,tome,batch-056
source_local_parsing_pending,entry-01659,tome,batch-056
source_local_parsing_pending,entry-01661,tome,batch-056
source_local_parsing_pending,entry-01665,tome,batch-056
source_local_parsing_pending,entry-01706,tome,batch-058
source_local_parsing_pending,entry-01707,tome,batch-058
source_local_parsing_pending,entry-01708,tome,batch-058
source_local_parsing_pending,entry-01709,tome,batch-058
source_local_parsing_pending,entry-01710,tome,batch-058
source_local_parsing_pending,entry-01711,tome,batch-058
source_local_parsing_pending,entry-01712,tome,batch-058
source_local_parsing_pending,entry-01713,tome,batch-058
source_local_parsing_pending,entry-01714,tome,batch-058
source_local_parsing_pending,entry-01715,tome,batch-058
source_local_parsing_pending,entry-01716,tome,batch-058
source_local_parsing_pending,entry-01717,tome,batch-058
source_local_parsing_pending,entry-01718,tome,batch-058
source_local_parsing_pending,entry-01719,tome,batch-058
source_local_parsing_pending,entry-01720,tome,batch-058
source_local_parsing_pending,entry-01721,tome,batch-058
source_local_parsing_pending,entry-01722,tome,batch-058
source_local_parsing_pending,entry-01723,tome,batch-058
source_local_parsing_pending,entry-01724,tome,batch-058
source_local_parsing_pending,entry-01725,tome,batch-058
source_local_parsing_pending,entry-01726,tome,batch-058
source_local_parsing_pending,entry-01727,tome,batch-058
source_local_parsing_pending,entry-01728,tome,batch-058
source_local_parsing_pending,entry-01729,tome,batch-058
source_local_parsing_pending,entry-01730,tome,batch-058
source_local_parsing_pending,entry-01731,tome,batch-058
source_local_parsing_pending,entry-01732,tome,batch-058
source_local_parsing_pending,entry-01733,tome,batch-058
source_local_parsing_pending,entry-01734,tome,batch-058
source_local_parsing_pending,entry-01735,tome,batch-058
source_local_parsing_pending,entry-01736,tome,batch-058
source_local_parsing_pending,entry-01737,tome,batch-058
source_local_parsing_pending,entry-01738,tome,batch-058
source_local_parsing_pending,entry-01739,tome,batch-058
source_local_parsing_pending,entry-01740,tome,batch-058
source_local_parsing_pending,entry-01741,tome,batch-058
source_local_parsing_pending,entry-01742,tome,batch-058
source_local_parsing_pending,entry-01743,tome,batch-058
source_local_parsing_pending,entry-01744,tome,batch-058
source_local_parsing_pending,entry-01745,tome,batch-058
source_local_parsing_pending,entry-01751,tome,batch-059
source_local_parsing_pending,entry-01767,tome,batch-059
source_local_parsing_pending,entry-01785,tome,batch-059
source_local_parsing_pending,entry-01788,tome,batch-060
source_local_parsing_pending,entry-01798,tome,batch-060
source_local_parsing_pending,entry-01803,tome,batch-060
source_local_parsing_pending,entry-01804,tome,batch-060
source_local_parsing_pending,entry-01807,tome,batch-060
source_local_parsing_pending,entry-01820,tome,batch-060
source_local_parsing_pending,entry-01823,tome,batch-060
source_local_parsing_pending,entry-01825,tome,batch-060
source_local_parsing_pending,entry-01835,tome,batch-061
source_local_parsing_pending,entry-01838,tome,batch-061
source_local_parsing_pending,entry-01839,tome,batch-061
source_local_parsing_pending,entry-01851,tome,batch-061
source_local_parsing_pending,entry-01861,tome,batch-061
source_local_parsing_pending,entry-01865,tome,batch-061
source_local_parsing_pending,entry-01866,tome,batch-062
source_local_parsing_pending,entry-01867,tome,batch-062
source_local_parsing_pending,entry-01868,tome,batch-062
source_local_parsing_pending,entry-01869,tome,batch-062
source_local_parsing_pending,entry-01870,tome,batch-062
source_local_parsing_pending,entry-01871,tome,batch-062
source_local_parsing_pending,entry-01872,tome,batch-062
source_local_parsing_pending,entry-01873,tome,batch-062
source_local_parsing_pending,entry-01874,tome,batch-062
source_local_parsing_pending,entry-01875,tome,batch-062
source_local_parsing_pending,entry-01876,tome,batch-062
source_local_parsing_pending,entry-01877,tome,batch-062
source_local_parsing_pending,entry-01878,tome,batch-062
source_local_parsing_pending,entry-01879,tome,batch-062
source_local_parsing_pending,entry-01880,tome,batch-062
source_local_parsing_pending,entry-01881,tome,batch-062
source_local_parsing_pending,entry-01882,tome,batch-062
source_local_parsing_pending,entry-01883,tome,batch-062
source_local_parsing_pending,entry-01884,tome,batch-062
source_local_parsing_pending,entry-01885,tome,batch-062
source_local_parsing_pending,entry-01886,tome,batch-062
source_local_parsing_pending,entry-01887,tome,batch-062
source_local_parsing_pending,entry-01888,tome,batch-062
source_local_parsing_pending,entry-01889,tome,batch-062
source_local_parsing_pending,entry-01890,tome,batch-062
source_local_parsing_pending,entry-01891,tome,batch-062
source_local_parsing_pending,entry-01892,tome,batch-062
source_local_parsing_pending,entry-01893,tome,batch-062
source_local_parsing_pending,entry-01894,tome,batch-062
source_local_parsing_pending,entry-01895,tome,batch-062
source_local_parsing_pending,entry-01896,tome,batch-062
source_local_parsing_pending,entry-01897,tome,batch-062
source_local_parsing_pending,entry-01898,tome,batch-062
source_local_parsing_pending,entry-01899,tome,batch-062
source_local_parsing_pending,entry-01900,tome,batch-062
source_local_parsing_pending,entry-01901,tome,batch-062
source_local_parsing_pending,entry-01902,tome,batch-062
source_local_parsing_pending,entry-01903,tome,batch-062
source_local_parsing_pending,entry-01904,tome,batch-062
source_local_parsing_pending,entry-01905,tome,batch-062
source_local_parsing_pending,entry-01911,tome,batch-063
source_local_parsing_pending,entry-01913,tome,batch-063
source_local_parsing_pending,entry-01919,tome,batch-063
source_local_parsing_pending,entry-01924,tome,batch-063
source_local_parsing_pending,entry-01945,tome,batch-063
source_local_parsing_pending,entry-01948,tome,batch-064
source_local_parsing_pending,entry-01987,tome,batch-064
source_local_parsing_pending,entry-01988,tome,batch-065
source_local_parsing_pending,entry-01989,tome,batch-065
source_local_parsing_pending,entry-01994,tome,batch-065
source_local_parsing_pending,entry-02000,tome,batch-065
source_local_parsing_pending,entry-02004,tome,batch-065
source_local_parsing_pending,entry-02015,tome,batch-065
source_local_parsing_pending,entry-02022,tome,batch-065
source_local_parsing_pending,entry-02023,tome,batch-065
source_local_parsing_pending,entry-02024,tome,batch-065
source_local_parsing_pending,entry-02025,tome,batch-065
source_local_parsing_pending,entry-02026,tome,batch-065
source_local_parsing_pending,entry-02027,tome,batch-065
source_local_parsing_pending,entry-02028,tome,batch-066
source_local_parsing_pending,entry-02029,tome,batch-066
source_local_parsing_pending,entry-02030,tome,batch-066
source_local_parsing_pending,entry-02031,tome,batch-066
source_local_parsing_pending,entry-02032,tome,batch-066
source_local_parsing_pending,entry-02033,tome,batch-066
source_local_parsing_pending,entry-02034,tome,batch-066
source_local_parsing_pending,entry-02035,tome,batch-066
source_local_parsing_pending,entry-02036,tome,batch-066
source_local_parsing_pending,entry-02037,tome,batch-066
source_local_parsing_pending,entry-02038,tome,batch-066
source_local_parsing_pending,entry-02039,tome,batch-066
source_local_parsing_pending,entry-02040,tome,batch-066
source_local_parsing_pending,entry-02041,tome,batch-066
source_local_parsing_pending,entry-02042,tome,batch-066
source_local_parsing_pending,entry-02043,tome,batch-066
source_local_parsing_pending,entry-02044,tome,batch-066
source_local_parsing_pending,entry-02045,tome,batch-066
source_local_parsing_pending,entry-02046,tome,batch-066
source_local_parsing_pending,entry-02047,tome,batch-066
source_local_parsing_pending,entry-02048,tome,batch-066
source_local_parsing_pending,entry-02049,tome,batch-066
source_local_parsing_pending,entry-02050,tome,batch-066
source_local_parsing_pending,entry-02051,tome,batch-066
source_local_parsing_pending,entry-02052,tome,batch-066
source_local_parsing_pending,entry-02053,tome,batch-066
source_local_parsing_pending,entry-02054,tome,batch-066
source_local_parsing_pending,entry-02055,tome,batch-066
source_local_parsing_pending,entry-02056,tome,batch-066
source_local_parsing_pending,entry-02057,tome,batch-066
source_local_parsing_pending,entry-02058,tome,batch-066
source_local_parsing_pending,entry-02059,tome,batch-066
source_local_parsing_pending,entry-02060,tome,batch-066
source_local_parsing_pending,entry-02061,tome,batch-066
source_local_parsing_pending,entry-02062,tome,batch-066
source_local_parsing_pending,entry-02063,tome,batch-066
source_local_parsing_pending,entry-02064,tome,batch-066
source_local_parsing_pending,entry-02065,tome,batch-066
source_local_parsing_pending,entry-02066,tome,batch-066
source_local_parsing_pending,entry-02067,tome,batch-066
source_local_parsing_pending,entry-02069,tome,batch-067
source_local_parsing_pending,entry-02074,tome,batch-067
source_local_parsing_pending,entry-02081,tome,batch-067
source_local_parsing_pending,entry-02097,tome,batch-067
source_local_parsing_pending,entry-02103,tome,batch-067
source_local_parsing_pending,entry-02106,tome,batch-067
source_local_parsing_pending,entry-02107,tome,batch-067
source_local_parsing_pending,entry-02109,tome,batch-068
source_local_parsing_pending,entry-02110,tome,batch-068
source_local_parsing_pending,entry-02113,tome,batch-068
source_local_parsing_pending,entry-02115,tome,batch-068
source_local_parsing_pending,entry-02125,tome,batch-068
source_local_parsing_pending,entry-02128,tome,batch-068
source_local_parsing_pending,entry-02141,tome,batch-068
source_local_parsing_pending,entry-02148,tome,batch-069
source_local_parsing_pending,entry-02149,tome,batch-069
source_local_parsing_pending,entry-02150,tome,batch-069
source_local_parsing_pending,entry-02151,tome,batch-069
source_local_parsing_pending,entry-02152,tome,batch-069
source_local_parsing_pending,entry-02153,tome,batch-069
source_local_parsing_pending,entry-02154,tome,batch-069
source_local_parsing_pending,entry-02155,tome,batch-069
source_local_parsing_pending,entry-02156,tome,batch-069
source_local_parsing_pending,entry-02157,tome,batch-069
source_local_parsing_pending,entry-02158,tome,batch-069
source_local_parsing_pending,entry-02159,tome,batch-069
source_local_parsing_pending,entry-02160,tome,batch-069
source_local_parsing_pending,entry-02161,tome,batch-069
source_local_parsing_pending,entry-02162,tome,batch-069
source_local_parsing_pending,entry-02163,tome,batch-069
source_local_parsing_pending,entry-02164,tome,batch-069
source_local_parsing_pending,entry-02165,tome,batch-069
source_local_parsing_pending,entry-02166,tome,batch-069
source_local_parsing_pending,entry-02167,tome,batch-069
source_local_parsing_pending,entry-02168,tome,batch-069
source_local_parsing_pending,entry-02169,tome,batch-069
source_local_parsing_pending,entry-02170,tome,batch-069
source_local_parsing_pending,entry-02171,tome,batch-069
source_local_parsing_pending,entry-02172,tome,batch-069
source_local_parsing_pending,entry-02173,tome,batch-069
source_local_parsing_pending,entry-02174,tome,batch-069
source_local_parsing_pending,entry-02175,tome,batch-069
source_local_parsing_pending,entry-02176,tome,batch-069
source_local_parsing_pending,entry-02177,tome,batch-069
source_local_parsing_pending,entry-02178,tome,batch-069
source_local_parsing_pending,entry-02179,tome,batch-069
source_local_parsing_pending,entry-02180,tome,batch-069
source_local_parsing_pending,entry-02181,tome,batch-069
source_local_parsing_pending,entry-02182,tome,batch-069
source_local_parsing_pending,entry-02183,tome,batch-069
source_local_parsing_pending,entry-02184,tome,batch-069
source_local_parsing_pending,entry-02185,tome,batch-069
source_local_parsing_pending,entry-02186,tome,batch-069
source_local_parsing_pending,entry-02187,tome,batch-069
source_local_parsing_pending,entry-02188,tome,batch-070
source_local_parsing_pending,entry-02189,tome,batch-070
source_local_parsing_pending,entry-02190,tome,batch-070
source_local_parsing_pending,entry-02191,tome,batch-070
source_local_parsing_pending,entry-02192,tome,batch-070
source_local_parsing_pending,entry-02193,tome,batch-070
source_local_parsing_pending,entry-02194,tome,batch-070
source_local_parsing_pending,entry-02195,tome,batch-070
source_local_parsing_pending,entry-02196,tome,batch-070
source_local_parsing_pending,entry-02197,tome,batch-070
source_local_parsing_pending,entry-02198,tome,batch-070
source_local_parsing_pending,entry-02199,tome,batch-070
source_local_parsing_pending,entry-02200,tome,batch-070
source_local_parsing_pending,entry-02201,tome,batch-070
source_local_parsing_pending,entry-02202,tome,batch-070
source_local_parsing_pending,entry-02203,tome,batch-070
source_local_parsing_pending,entry-02204,tome,batch-070
source_local_parsing_pending,entry-02205,tome,batch-070
source_local_parsing_pending,entry-02206,tome,batch-070
source_local_parsing_pending,entry-02207,tome,batch-070
source_local_parsing_pending,entry-02208,tome,batch-070
source_local_parsing_pending,entry-02209,tome,batch-070
source_local_parsing_pending,entry-02210,tome,batch-070
source_local_parsing_pending,entry-02211,tome,batch-070
source_local_parsing_pending,entry-02212,tome,batch-070
source_local_parsing_pending,entry-02213,tome,batch-070
source_local_parsing_pending,entry-02214,tome,batch-070
source_local_parsing_pending,entry-02215,tome,batch-070
source_local_parsing_pending,entry-02216,tome,batch-070
source_local_parsing_pending,entry-02217,tome,batch-070
source_local_parsing_pending,entry-02218,tome,batch-070
source_local_parsing_pending,entry-02219,tome,batch-070
source_local_parsing_pending,entry-02220,tome,batch-070
source_local_parsing_pending,entry-02221,tome,batch-070
source_local_parsing_pending,entry-02222,tome,batch-070
source_local_parsing_pending,entry-02223,tome,batch-070
source_local_parsing_pending,entry-02224,tome,batch-070
source_local_parsing_pending,entry-02225,tome,batch-070
source_local_parsing_pending,entry-02226,tome,batch-070
source_local_parsing_pending,entry-02227,tome,batch-070
source_local_parsing_pending,entry-02258,tome,batch-071
source_local_parsing_pending,entry-02267,tome,batch-071
source_local_parsing_pending,entry-02268,tome,batch-072
source_local_parsing_pending,entry-02269,tome,batch-072
source_local_parsing_pending,entry-02270,tome,batch-072
source_local_parsing_pending,entry-02271,tome,batch-072
source_local_parsing_pending,entry-02272,tome,batch-072
source_local_parsing_pending,entry-02273,tome,batch-072
source_local_parsing_pending,entry-02274,tome,batch-072
source_local_parsing_pending,entry-02275,tome,batch-072
source_local_parsing_pending,entry-02276,tome,batch-072
source_local_parsing_pending,entry-02277,tome,batch-072
source_local_parsing_pending,entry-02278,tome,batch-072
source_local_parsing_pending,entry-02279,tome,batch-072
source_local_parsing_pending,entry-02280,tome,batch-072
source_local_parsing_pending,entry-02281,tome,batch-072
source_local_parsing_pending,entry-02282,tome,batch-072
source_local_parsing_pending,entry-02283,tome,batch-072
source_local_parsing_pending,entry-02284,tome,batch-072
source_local_parsing_pending,entry-02285,tome,batch-072
source_local_parsing_pending,entry-02286,tome,batch-072
source_local_parsing_pending,entry-02287,tome,batch-072
source_local_parsing_pending,entry-02288,tome,batch-072
source_local_parsing_pending,entry-02289,tome,batch-072
source_local_parsing_pending,entry-02290,tome,batch-072
source_local_parsing_pending,entry-02291,tome,batch-072
source_local_parsing_pending,entry-02292,tome,batch-072
source_local_parsing_pending,entry-02293,tome,batch-072
source_local_parsing_pending,entry-02294,tome,batch-072
source_local_parsing_pending,entry-02295,tome,batch-072
source_local_parsing_pending,entry-02296,tome,batch-072
source_local_parsing_pending,entry-02297,tome,batch-072
source_local_parsing_pending,entry-02298,tome,batch-072
source_local_parsing_pending,entry-02299,tome,batch-072
source_local_parsing_pending,entry-02300,tome,batch-072
source_local_parsing_pending,entry-02301,tome,batch-072
source_local_parsing_pending,entry-02302,tome,batch-072
source_local_parsing_pending,entry-02303,tome,batch-072
source_local_parsing_pending,entry-02304,tome,batch-072
source_local_parsing_pending,entry-02305,tome,batch-072
source_local_parsing_pending,entry-02306,tome,batch-072
source_local_parsing_pending,entry-02308,tome,batch-073
source_local_parsing_pending,entry-02310,tome,batch-073
source_local_parsing_pending,entry-02311,tome,batch-073
source_local_parsing_pending,entry-02312,tome,batch-073
source_local_parsing_pending,entry-02313,tome,batch-073
source_local_parsing_pending,entry-02314,tome,batch-073
source_local_parsing_pending,entry-02315,tome,batch-073
source_local_parsing_pending,entry-02316,tome,batch-073
source_local_parsing_pending,entry-02317,tome,batch-073
source_local_parsing_pending,entry-02318,tome,batch-073
source_local_parsing_pending,entry-02319,tome,batch-073
source_local_parsing_pending,entry-02320,tome,batch-073
source_local_parsing_pending,entry-02321,tome,batch-073
source_local_parsing_pending,entry-02322,tome,batch-073
source_local_parsing_pending,entry-02323,tome,batch-073
source_local_parsing_pending,entry-02324,tome,batch-073
source_local_parsing_pending,entry-02325,tome,batch-073
source_local_parsing_pending,entry-02326,tome,batch-073
source_local_parsing_pending,entry-02327,tome,batch-073
source_local_parsing_pending,entry-02328,tome,batch-073
source_local_parsing_pending,entry-02329,tome,batch-073
source_local_parsing_pending,entry-02330,tome,batch-073
source_local_parsing_pending,entry-02331,tome,batch-073
source_local_parsing_pending,entry-02332,tome,batch-073
source_local_parsing_pending,entry-02333,tome,batch-073
source_local_parsing_pending,entry-02334,tome,batch-073
source_local_parsing_pending,entry-02335,tome,batch-073
source_local_parsing_pending,entry-02336,tome,batch-073
source_local_parsing_pending,entry-02337,tome,batch-073
source_local_parsing_pending,entry-02338,tome,batch-073
source_local_parsing_pending,entry-02339,tome,batch-073
source_local_parsing_pending,entry-02340,tome,batch-073
source_local_parsing_pending,entry-02341,tome,batch-073
source_local_parsing_pending,entry-02342,tome,batch-073
source_local_parsing_pending,entry-02343,tome,batch-073
source_local_parsing_pending,entry-02344,tome,batch-073
source_local_parsing_pending,entry-02345,tome,batch-073
source_local_parsing_pending,entry-02346,tome,batch-073
source_local_parsing_pending,entry-02347,tome,batch-073
source_local_parsing_pending,entry-02348,tome,batch-073
source_local_parsing_pending,entry-02349,tome,batch-074
source_local_parsing_pending,entry-02360,tome,batch-074
source_local_parsing_pending,entry-02388,tome,batch-074
source_local_parsing_pending,entry-02393,tome,batch-075
source_local_parsing_pending,entry-02425,tome,batch-075
source_local_parsing_pending,entry-02426,tome,batch-075
source_local_parsing_pending,entry-02427,tome,batch-075
source_local_parsing_pending,entry-02460,tome,batch-076
source_local_parsing_pending,entry-02469,tome,batch-076
source_local_parsing_pending,entry-02474,tome,batch-077
source_local_parsing_pending,entry-02489,tome,batch-077
source_local_parsing_pending,entry-02500,tome,batch-077
source_local_parsing_pending,entry-02506,tome,batch-077
source_local_parsing_pending,entry-02509,tome,batch-077
source_local_parsing_pending,entry-02520,tome,batch-078
source_local_parsing_pending,entry-02521,tome,batch-078
source_local_parsing_pending,entry-02522,tome,batch-078
source_local_parsing_pending,entry-02523,tome,batch-078
source_local_parsing_pending,entry-02524,tome,batch-078
source_local_parsing_pending,entry-02530,tome,batch-078
source_local_parsing_pending,entry-02533,tome,batch-078
source_local_parsing_pending,entry-02534,tome,batch-078
source_local_parsing_pending,entry-02537,tome,batch-078
source_local_parsing_pending,entry-02538,tome,batch-079
source_local_parsing_pending,entry-02541,tome,batch-079
source_local_parsing_pending,entry-02545,tome,batch-079
source_local_parsing_pending,entry-02552,tome,batch-079
source_local_parsing_pending,entry-02555,tome,batch-079
source_local_parsing_pending,entry-02557,tome,batch-079
source_local_parsing_pending,entry-02559,tome,batch-079
source_local_parsing_pending,entry-02565,tome,batch-079
source_local_parsing_pending,entry-02568,tome,batch-079
source_local_parsing_pending,entry-02570,tome,batch-079
source_local_parsing_pending,entry-02576,tome,batch-080
source_local_parsing_pending,entry-02579,tome,batch-080
source_local_parsing_pending,entry-02586,tome,batch-080
source_local_parsing_pending,entry-02598,tome,batch-080
source_local_parsing_pending,entry-02599,tome,batch-080
source_local_parsing_pending,entry-02601,tome,batch-080
source_local_parsing_pending,entry-02611,tome,batch-080
source_local_parsing_pending,entry-02652,tome,batch-082
source_local_parsing_pending,entry-02653,tome,batch-082
source_local_parsing_pending,entry-02654,tome,batch-082
source_local_parsing_pending,entry-02655,tome,batch-082
source_local_parsing_pending,entry-02656,tome,batch-082
source_local_parsing_pending,entry-02657,tome,batch-082
source_local_parsing_pending,entry-02658,tome,batch-082
source_local_parsing_pending,entry-02659,tome,batch-082
source_local_parsing_pending,entry-02660,tome,batch-082
source_local_parsing_pending,entry-02661,tome,batch-082
source_local_parsing_pending,entry-02662,tome,batch-082
source_local_parsing_pending,entry-02663,tome,batch-082
source_local_parsing_pending,entry-02664,tome,batch-082
source_local_parsing_pending,entry-02665,tome,batch-082
source_local_parsing_pending,entry-02666,tome,batch-082
source_local_parsing_pending,entry-02667,tome,batch-082
source_local_parsing_pending,entry-02668,tome,batch-082
source_local_parsing_pending,entry-02669,tome,batch-082
source_local_parsing_pending,entry-02670,tome,batch-082
source_local_parsing_pending,entry-02671,tome,batch-082
source_local_parsing_pending,entry-02672,tome,batch-082
source_local_parsing_pending,entry-02673,tome,batch-082
source_local_parsing_pending,entry-02674,tome,batch-082
source_local_parsing_pending,entry-02675,tome,batch-082
source_local_parsing_pending,entry-02676,tome,batch-082
source_local_parsing_pending,entry-02677,tome,batch-082
source_local_parsing_pending,entry-02678,tome,batch-082
source_local_parsing_pending,entry-02679,tome,batch-082
source_local_parsing_pending,entry-02680,tome,batch-082
source_local_parsing_pending,entry-02681,tome,batch-082
source_local_parsing_pending,entry-02682,tome,batch-082
source_local_parsing_pending,entry-02683,tome,batch-082
source_local_parsing_pending,entry-02684,tome,batch-082
source_local_parsing_pending,entry-02685,tome,batch-082
source_local_parsing_pending,entry-02686,tome,batch-082
source_local_parsing_pending,entry-02687,tome,batch-082
source_local_parsing_pending,entry-02688,tome,batch-082
source_local_parsing_pending,entry-02689,tome,batch-082
source_local_parsing_pending,entry-02690,tome,batch-082
source_local_parsing_pending,entry-02691,tome,batch-082
source_local_parsing_pending,entry-02694,tome,batch-083
source_local_parsing_pending,entry-02700,tome,batch-083
source_local_parsing_pending,entry-02732,tome,batch-084
source_local_parsing_pending,entry-02735,tome,batch-084
source_local_parsing_pending,entry-02740,tome,batch-084
source_local_parsing_pending,entry-02747,tome,batch-084
source_local_parsing_pending,entry-02759,tome,batch-084
source_local_parsing_pending,entry-02763,tome,batch-084
source_local_parsing_pending,entry-02764,tome,batch-084
source_local_parsing_pending,entry-02765,tome,batch-084
source_local_parsing_pending,entry-02775,tome,batch-085
source_local_parsing_pending,entry-02789,tome,batch-085
source_local_parsing_pending,entry-02790,tome,batch-085
source_local_parsing_pending,entry-02791,tome,batch-085
source_local_parsing_pending,entry-02798,tome,batch-085
source_local_parsing_pending,entry-02801,tome,batch-085
source_local_parsing_pending,entry-02805,tome,batch-085
source_local_parsing_pending,entry-02806,tome,batch-085
source_local_parsing_pending,entry-02807,tome,batch-085
source_local_parsing_pending,entry-02811,tome,batch-085
source_local_parsing_pending,entry-02852,tome,batch-087
source_local_parsing_pending,entry-02853,tome,batch-087
source_local_parsing_pending,entry-02854,tome,batch-087
source_local_parsing_pending,entry-02855,tome,batch-087
source_local_parsing_pending,entry-02856,tome,batch-087
source_local_parsing_pending,entry-02857,tome,batch-087
source_local_parsing_pending,entry-02858,tome,batch-087
source_local_parsing_pending,entry-02859,tome,batch-087
source_local_parsing_pending,entry-02860,tome,batch-087
source_local_parsing_pending,entry-02861,tome,batch-087
source_local_parsing_pending,entry-02862,tome,batch-087
source_local_parsing_pending,entry-02863,tome,batch-087
source_local_parsing_pending,entry-02864,tome,batch-087
source_local_parsing_pending,entry-02865,tome,batch-087
source_local_parsing_pending,entry-02866,tome,batch-087
source_local_parsing_pending,entry-02867,tome,batch-087
source_local_parsing_pending,entry-02868,tome,batch-087
source_local_parsing_pending,entry-02869,tome,batch-087
source_local_parsing_pending,entry-02870,tome,batch-087
source_local_parsing_pending,entry-02871,tome,batch-087
source_local_parsing_pending,entry-02872,tome,batch-087
source_local_parsing_pending,entry-02873,tome,batch-087
source_local_parsing_pending,entry-02874,tome,batch-087
source_local_parsing_pending,entry-02875,tome,batch-087
source_local_parsing_pending,entry-02876,tome,batch-087
source_local_parsing_pending,entry-02877,tome,batch-087
source_local_parsing_pending,entry-02878,tome,batch-087
source_local_parsing_pending,entry-02879,tome,batch-087
source_local_parsing_pending,entry-02880,tome,batch-087
source_local_parsing_pending,entry-02881,tome,batch-087
source_local_parsing_pending,entry-02882,tome,batch-087
source_local_parsing_pending,entry-02883,tome,batch-087
source_local_parsing_pending,entry-02884,tome,batch-087
source_local_parsing_pending,entry-02885,tome,batch-087
source_local_parsing_pending,entry-02886,tome,batch-087
source_local_parsing_pending,entry-02887,tome,batch-087
source_local_parsing_pending,entry-02888,tome,batch-087
source_local_parsing_pending,entry-02889,tome,batch-087
source_local_parsing_pending,entry-02890,tome,batch-087
source_local_parsing_pending,entry-02891,tome,batch-087
source_local_parsing_pending,entry-02932,tome,batch-089
source_local_parsing_pending,entry-02933,tome,batch-089
source_local_parsing_pending,entry-02934,tome,batch-089
source_local_parsing_pending,entry-02935,tome,batch-089
source_local_parsing_pending,entry-02936,tome,batch-089
source_local_parsing_pending,entry-02937,tome,batch-089
source_local_parsing_pending,entry-02938,tome,batch-089
source_local_parsing_pending,entry-02939,tome,batch-089
source_local_parsing_pending,entry-02940,tome,batch-089
source_local_parsing_pending,entry-02941,tome,batch-089
source_local_parsing_pending,entry-02942,tome,batch-089
source_local_parsing_pending,entry-02943,tome,batch-089
source_local_parsing_pending,entry-02944,tome,batch-089
source_local_parsing_pending,entry-02945,tome,batch-089
source_local_parsing_pending,entry-02946,tome,batch-089
source_local_parsing_pending,entry-02947,tome,batch-089
source_local_parsing_pending,entry-02948,tome,batch-089
source_local_parsing_pending,entry-02949,tome,batch-089
source_local_parsing_pending,entry-02950,tome,batch-089
source_local_parsing_pending,entry-02951,tome,batch-089
source_local_parsing_pending,entry-02952,tome,batch-089
source_local_parsing_pending,entry-02953,tome,batch-089
source_local_parsing_pending,entry-02954,tome,batch-089
source_local_parsing_pending,entry-02955,tome,batch-089
source_local_parsing_pending,entry-02956,tome,batch-089
source_local_parsing_pending,entry-02957,tome,batch-089
source_local_parsing_pending,entry-02958,tome,batch-089
source_local_parsing_pending,entry-02959,tome,batch-089
source_local_parsing_pending,entry-02960,tome,batch-089
source_local_parsing_pending,entry-02961,tome,batch-089
source_local_parsing_pending,entry-02962,tome,batch-089
source_local_parsing_pending,entry-02963,tome,batch-089
source_local_parsing_pending,entry-02964,tome,batch-089
source_local_parsing_pending,entry-02965,tome,batch-089
source_local_parsing_pending,entry-02966,tome,batch-089
source_local_parsing_pending,entry-02967,tome,batch-089
source_local_parsing_pending,entry-02968,tome,batch-089
source_local_parsing_pending,entry-02969,tome,batch-089
source_local_parsing_pending,entry-02970,tome,batch-089
source_local_parsing_pending,entry-02971,tome,batch-089
source_local_parsing_pending,entry-03045,tome,batch-091
source_local_parsing_pending,entry-03131,tome,batch-093
unmapped_observation,entry-00004,engine,batch-001
unmapped_observation,entry-00039,engine,batch-001
unmapped_observation,entry-00041,engine,batch-002
unmapped_observation,entry-00061,engine,batch-002
unmapped_observation,entry-00063,engine,batch-002
unmapped_observation,entry-00069,engine,batch-002
unmapped_observation,entry-00075,engine,batch-002
unmapped_observation,entry-00090,engine,batch-003
unmapped_observation,entry-00092,engine,batch-003
unmapped_observation,entry-00094,engine,batch-003
unmapped_observation,entry-00102,engine,batch-003
unmapped_observation,entry-00105,engine,batch-003
unmapped_observation,entry-00110,engine,batch-003
unmapped_observation,entry-00111,engine,batch-003
unmapped_observation,entry-00112,engine,batch-003
unmapped_observation,entry-00124,boot,batch-004
unmapped_observation,entry-00126,boot,batch-004
unmapped_observation,entry-00128,boot,batch-004
unmapped_observation,entry-00136,boot,batch-004
unmapped_observation,entry-00139,boot,batch-004
unmapped_observation,entry-00144,boot,batch-004
unmapped_observation,entry-00145,boot,batch-004
unmapped_observation,entry-00146,boot,batch-004
unmapped_observation,entry-00160,example,batch-004
unmapped_observation,entry-00161,example-realtime,batch-005
unmapped_observation,entry-00164,tome,batch-005
unmapped_observation,entry-00165,tome,batch-005
unmapped_observation,entry-00166,tome,batch-005
unmapped_observation,entry-00184,tome,batch-005
unmapped_observation,entry-00185,tome,batch-005
unmapped_observation,entry-00191,tome,batch-005
unmapped_observation,entry-00195,tome,batch-005
unmapped_observation,entry-00198,tome,batch-005
unmapped_observation,entry-00203,tome,batch-006
unmapped_observation,entry-00216,tome,batch-006
unmapped_observation,entry-00221,tome,batch-006
unmapped_observation,entry-00223,tome,batch-006
unmapped_observation,entry-00226,tome,batch-006
unmapped_observation,entry-00231,tome,batch-006
unmapped_observation,entry-00240,tome,batch-006
unmapped_observation,entry-00244,tome,batch-007
unmapped_observation,entry-00247,tome,batch-007
unmapped_observation,entry-00254,tome,batch-007
unmapped_observation,entry-00280,tome,batch-007
unmapped_observation,entry-00281,tome,batch-008
unmapped_observation,entry-00284,tome,batch-008
unmapped_observation,entry-00286,tome,batch-008
unmapped_observation,entry-00288,tome,batch-008
unmapped_observation,entry-00298,tome,batch-008
unmapped_observation,entry-00299,tome,batch-008
unmapped_observation,entry-00318,tome,batch-008
unmapped_observation,entry-00334,tome,batch-009
unmapped_observation,entry-00344,tome,batch-009
unmapped_observation,entry-00345,tome,batch-009
unmapped_observation,entry-00354,tome,batch-009
unmapped_observation,entry-00360,tome,batch-009
unmapped_observation,entry-00368,tome,batch-010
unmapped_observation,entry-00373,tome,batch-010
unmapped_observation,entry-00374,tome,batch-010
unmapped_observation,entry-00393,tome,batch-010
unmapped_observation,entry-00394,tome,batch-010
unmapped_observation,entry-00395,tome,batch-010
unmapped_observation,entry-00396,tome,batch-010
unmapped_observation,entry-00397,tome,batch-010
unmapped_observation,entry-00398,tome,batch-010
unmapped_observation,entry-00399,tome,batch-010
unmapped_observation,entry-00400,tome,batch-010
unmapped_observation,entry-00401,tome,batch-011
unmapped_observation,entry-00419,tome,batch-011
unmapped_observation,entry-00423,tome,batch-011
unmapped_observation,entry-00428,tome,batch-011
unmapped_observation,entry-00429,tome,batch-011
unmapped_observation,entry-00434,tome,batch-011
unmapped_observation,entry-00440,tome,batch-011
unmapped_observation,entry-00441,tome,batch-012
unmapped_observation,entry-00443,tome,batch-012
unmapped_observation,entry-00448,tome,batch-012
unmapped_observation,entry-00455,tome,batch-012
unmapped_observation,entry-00458,tome,batch-012
unmapped_observation,entry-00476,tome,batch-012
unmapped_observation,entry-00486,tome,batch-013
unmapped_observation,entry-00489,tome,batch-013
unmapped_observation,entry-00492,tome,batch-013
unmapped_observation,entry-00500,tome,batch-013
unmapped_observation,entry-00501,tome,batch-013
unmapped_observation,entry-00520,tome,batch-013
unmapped_observation,entry-00522,tome,batch-014
unmapped_observation,entry-00527,tome,batch-014
unmapped_observation,entry-00553,tome,batch-014
unmapped_observation,entry-00560,tome,batch-014
unmapped_observation,entry-00570,tome,batch-015
unmapped_observation,entry-00574,tome,batch-015
unmapped_observation,entry-00579,tome,batch-015
unmapped_observation,entry-00581,tome,batch-015
unmapped_observation,entry-00600,tome,batch-015
unmapped_observation,entry-00604,tome,batch-016
unmapped_observation,entry-00605,tome,batch-016
unmapped_observation,entry-00615,tome,batch-016
unmapped_observation,entry-00620,tome,batch-016
unmapped_observation,entry-00621,tome,batch-016
unmapped_observation,entry-00623,tome,batch-016
unmapped_observation,entry-00634,tome,batch-016
unmapped_observation,entry-00640,tome,batch-016
unmapped_observation,entry-00641,tome,batch-017
unmapped_observation,entry-00644,tome,batch-017
unmapped_observation,entry-00646,tome,batch-017
unmapped_observation,entry-00647,tome,batch-017
unmapped_observation,entry-00650,tome,batch-017
unmapped_observation,entry-00652,tome,batch-017
unmapped_observation,entry-00653,tome,batch-017
unmapped_observation,entry-00657,tome,batch-017
unmapped_observation,entry-00660,tome,batch-017
unmapped_observation,entry-00680,tome,batch-017
unmapped_observation,entry-00683,tome,batch-018
unmapped_observation,entry-00684,tome,batch-018
unmapped_observation,entry-00712,tome,batch-018
unmapped_observation,entry-00713,tome,batch-018
unmapped_observation,entry-00719,tome,batch-018
unmapped_observation,entry-00721,tome,batch-019
unmapped_observation,entry-00722,tome,batch-019
unmapped_observation,entry-00723,tome,batch-019
unmapped_observation,entry-00728,tome,batch-019
unmapped_observation,entry-00730,tome,batch-019
unmapped_observation,entry-00731,tome,batch-019
unmapped_observation,entry-00733,tome,batch-019
unmapped_observation,entry-00740,tome,batch-019
unmapped_observation,entry-00746,tome,batch-019
unmapped_observation,entry-00752,tome,batch-019
unmapped_observation,entry-00760,tome,batch-019
unmapped_observation,entry-00763,tome,batch-020
unmapped_observation,entry-00768,tome,batch-020
unmapped_observation,entry-00780,tome,batch-020
unmapped_observation,entry-00781,tome,batch-020
unmapped_observation,entry-00800,tome,batch-020
unmapped_observation,entry-00804,tome,batch-021
unmapped_observation,entry-00805,tome,batch-021
unmapped_observation,entry-00820,tome,batch-021
unmapped_observation,entry-00840,tome,batch-021
unmapped_observation,entry-00843,tome,batch-022
unmapped_observation,entry-00852,tome,batch-022
unmapped_observation,entry-00866,tome,batch-022
unmapped_observation,entry-00873,tome,batch-022
unmapped_observation,entry-00881,tome,batch-022
unmapped_observation,entry-00899,tome,batch-023
unmapped_observation,entry-00914,tome,batch-023
unmapped_observation,entry-00918,tome,batch-023
unmapped_observation,entry-00921,tome,batch-023
unmapped_observation,entry-00948,tome,batch-024
unmapped_observation,entry-00958,tome,batch-024
unmapped_observation,entry-00972,tome,batch-025
unmapped_observation,entry-00980,tome,batch-025
unmapped_observation,entry-00984,tome,batch-025
unmapped_observation,entry-00992,tome,batch-025
unmapped_observation,entry-00997,tome,batch-025
unmapped_observation,entry-01000,tome,batch-025
unmapped_observation,entry-01001,tome,batch-025
unmapped_observation,entry-01002,tome,batch-025
unmapped_observation,entry-01029,tome,batch-026
unmapped_observation,entry-01032,tome,batch-026
unmapped_observation,entry-01038,tome,batch-026
unmapped_observation,entry-01044,tome,batch-027
unmapped_observation,entry-01068,tome,batch-027
unmapped_observation,entry-01074,tome,batch-027
unmapped_observation,entry-01081,tome,batch-027
unmapped_observation,entry-01085,tome,batch-028
unmapped_observation,entry-01096,tome,batch-028
unmapped_observation,entry-01116,tome,batch-028
unmapped_observation,entry-01120,tome,batch-028
unmapped_observation,entry-01124,tome,batch-028
unmapped_observation,entry-01127,tome,batch-029
unmapped_observation,entry-01132,tome,batch-029
unmapped_observation,entry-01137,tome,batch-029
unmapped_observation,entry-01145,tome,batch-029
unmapped_observation,entry-01149,tome,batch-029
unmapped_observation,entry-01155,tome,batch-029
unmapped_observation,entry-01156,tome,batch-029
unmapped_observation,entry-01160,tome,batch-029
unmapped_observation,entry-01161,tome,batch-029
unmapped_observation,entry-01162,tome,batch-029
unmapped_observation,entry-01163,tome,batch-029
unmapped_observation,entry-01165,tome,batch-030
unmapped_observation,entry-01166,tome,batch-030
unmapped_observation,entry-01167,tome,batch-030
unmapped_observation,entry-01168,tome,batch-030
unmapped_observation,entry-01169,tome,batch-030
unmapped_observation,entry-01170,tome,batch-030
unmapped_observation,entry-01171,tome,batch-030
unmapped_observation,entry-01172,tome,batch-030
unmapped_observation,entry-01173,tome,batch-030
unmapped_observation,entry-01174,tome,batch-030
unmapped_observation,entry-01175,tome,batch-030
unmapped_observation,entry-01176,tome,batch-030
unmapped_observation,entry-01177,tome,batch-030
unmapped_observation,entry-01178,tome,batch-030
unmapped_observation,entry-01179,tome,batch-030
unmapped_observation,entry-01180,tome,batch-030
unmapped_observation,entry-01181,tome,batch-030
unmapped_observation,entry-01182,tome,batch-030
unmapped_observation,entry-01183,tome,batch-030
unmapped_observation,entry-01184,tome,batch-030
unmapped_observation,entry-01185,tome,batch-030
unmapped_observation,entry-01186,tome,batch-030
unmapped_observation,entry-01187,tome,batch-030
unmapped_observation,entry-01188,tome,batch-030
unmapped_observation,entry-01189,tome,batch-030
unmapped_observation,entry-01190,tome,batch-030
unmapped_observation,entry-01191,tome,batch-030
unmapped_observation,entry-01192,tome,batch-030
unmapped_observation,entry-01193,tome,batch-030
unmapped_observation,entry-01194,tome,batch-030
unmapped_observation,entry-01195,tome,batch-030
unmapped_observation,entry-01196,tome,batch-030
unmapped_observation,entry-01197,tome,batch-030
unmapped_observation,entry-01198,tome,batch-030
unmapped_observation,entry-01199,tome,batch-030
unmapped_observation,entry-01200,tome,batch-030
unmapped_observation,entry-01201,tome,batch-030
unmapped_observation,entry-01202,tome,batch-030
unmapped_observation,entry-01203,tome,batch-030
unmapped_observation,entry-01204,tome,batch-030
unmapped_observation,entry-01205,tome,batch-031
unmapped_observation,entry-01210,tome,batch-031
unmapped_observation,entry-01211,tome,batch-031
unmapped_observation,entry-01214,tome,batch-031
unmapped_observation,entry-01215,tome,batch-032
unmapped_observation,entry-01216,tome,batch-032
unmapped_observation,entry-01217,tome,batch-032
unmapped_observation,entry-01218,tome,batch-032
unmapped_observation,entry-01219,tome,batch-032
unmapped_observation,entry-01220,tome,batch-033
unmapped_observation,entry-01221,tome,batch-034
unmapped_observation,entry-01222,tome,batch-035
unmapped_observation,entry-01223,tome,batch-036
unmapped_observation,entry-01224,tome,batch-037
unmapped_observation,entry-01225,tome,batch-038
unmapped_observation,entry-01228,tome,batch-039
unmapped_observation,entry-01230,tome,batch-040
unmapped_observation,entry-01245,tome,batch-040
unmapped_observation,entry-01247,tome,batch-040
unmapped_observation,entry-01249,tome,batch-040
unmapped_observation,entry-01252,tome,batch-041
unmapped_observation,entry-01256,tome,batch-041
unmapped_observation,entry-01259,tome,batch-041
unmapped_observation,entry-01262,tome,batch-041
unmapped_observation,entry-01263,tome,batch-041
unmapped_observation,entry-01267,tome,batch-041
unmapped_observation,entry-01269,tome,batch-042
unmapped_observation,entry-01270,tome,batch-042
unmapped_observation,entry-01271,tome,batch-042
unmapped_observation,entry-01272,tome,batch-042
unmapped_observation,entry-01273,tome,batch-042
unmapped_observation,entry-01274,tome,batch-042
unmapped_observation,entry-01275,tome,batch-042
unmapped_observation,entry-01276,tome,batch-042
unmapped_observation,entry-01277,tome,batch-042
unmapped_observation,entry-01278,tome,batch-042
unmapped_observation,entry-01279,tome,batch-042
unmapped_observation,entry-01280,tome,batch-042
unmapped_observation,entry-01281,tome,batch-042
unmapped_observation,entry-01282,tome,batch-043
unmapped_observation,entry-01283,tome,batch-043
unmapped_observation,entry-01286,tome,batch-043
unmapped_observation,entry-01290,tome,batch-043
unmapped_observation,entry-01292,tome,batch-044
unmapped_observation,entry-01294,tome,batch-044
unmapped_observation,entry-01296,tome,batch-044
unmapped_observation,entry-01298,tome,batch-044
unmapped_observation,entry-01302,tome,batch-045
unmapped_observation,entry-01306,tome,batch-045
unmapped_observation,entry-01308,tome,batch-046
unmapped_observation,entry-01309,tome,batch-046
unmapped_observation,entry-01310,tome,batch-046
unmapped_observation,entry-01311,tome,batch-046
unmapped_observation,entry-01312,tome,batch-046
unmapped_observation,entry-01313,tome,batch-046
unmapped_observation,entry-01314,tome,batch-046
unmapped_observation,entry-01315,tome,batch-046
unmapped_observation,entry-01316,tome,batch-046
unmapped_observation,entry-01317,tome,batch-047
unmapped_observation,entry-01318,tome,batch-047
unmapped_observation,entry-01319,tome,batch-047
unmapped_observation,entry-01320,tome,batch-047
unmapped_observation,entry-01321,tome,batch-047
unmapped_observation,entry-01325,tome,batch-048
unmapped_observation,entry-01326,tome,batch-048
unmapped_observation,entry-01327,tome,batch-048
unmapped_observation,entry-01328,tome,batch-048
unmapped_observation,entry-01329,tome,batch-048
unmapped_observation,entry-01330,tome,batch-048
unmapped_observation,entry-01331,tome,batch-048
unmapped_observation,entry-01332,tome,batch-048
unmapped_observation,entry-01333,tome,batch-048
unmapped_observation,entry-01334,tome,batch-048
unmapped_observation,entry-01335,tome,batch-048
unmapped_observation,entry-01336,tome,batch-048
unmapped_observation,entry-01337,tome,batch-048
unmapped_observation,entry-01338,tome,batch-048
unmapped_observation,entry-01339,tome,batch-048
unmapped_observation,entry-01340,tome,batch-048
unmapped_observation,entry-01341,tome,batch-048
unmapped_observation,entry-01342,tome,batch-048
unmapped_observation,entry-01343,tome,batch-048
unmapped_observation,entry-01344,tome,batch-048
unmapped_observation,entry-01347,tome,batch-049
unmapped_observation,entry-01382,tome,batch-049
unmapped_observation,entry-01384,tome,batch-049
unmapped_observation,entry-01385,tome,batch-050
unmapped_observation,entry-01386,tome,batch-050
unmapped_observation,entry-01389,tome,batch-050
unmapped_observation,entry-01391,tome,batch-050
unmapped_observation,entry-01392,tome,batch-050
unmapped_observation,entry-01400,tome,batch-050
unmapped_observation,entry-01408,tome,batch-050
unmapped_observation,entry-01409,tome,batch-050
unmapped_observation,entry-01410,tome,batch-050
unmapped_observation,entry-01424,tome,batch-050
unmapped_observation,entry-01432,tome,batch-051
unmapped_observation,entry-01438,tome,batch-051
unmapped_observation,entry-01450,tome,batch-051
unmapped_observation,entry-01462,tome,batch-051
unmapped_observation,entry-01463,tome,batch-051
unmapped_observation,entry-01464,tome,batch-051
unmapped_observation,entry-01468,tome,batch-052
unmapped_observation,entry-01474,tome,batch-052
unmapped_observation,entry-01479,tome,batch-052
unmapped_observation,entry-01482,tome,batch-052
unmapped_observation,entry-01486,tome,batch-052
unmapped_observation,entry-01491,tome,batch-052
unmapped_observation,entry-01496,tome,batch-052
unmapped_observation,entry-01498,tome,batch-052
unmapped_observation,entry-01504,tome,batch-052
unmapped_observation,entry-01505,tome,batch-053
unmapped_observation,entry-01508,tome,batch-053
unmapped_observation,entry-01509,tome,batch-053
unmapped_observation,entry-01510,tome,batch-053
unmapped_observation,entry-01512,tome,batch-053
unmapped_observation,entry-01514,tome,batch-053
unmapped_observation,entry-01516,tome,batch-053
unmapped_observation,entry-01517,tome,batch-053
unmapped_observation,entry-01518,tome,batch-053
unmapped_observation,entry-01528,tome,batch-053
unmapped_observation,entry-01531,tome,batch-053
unmapped_observation,entry-01534,tome,batch-053
unmapped_observation,entry-01536,tome,batch-053
unmapped_observation,entry-01543,tome,batch-053
unmapped_observation,entry-01544,tome,batch-053
unmapped_observation,entry-01545,tome,batch-054
unmapped_observation,entry-01554,tome,batch-054
unmapped_observation,entry-01557,tome,batch-054
unmapped_observation,entry-01563,tome,batch-054
unmapped_observation,entry-01565,tome,batch-054
unmapped_observation,entry-01576,tome,batch-054
unmapped_observation,entry-01585,tome,batch-055
unmapped_observation,entry-01586,tome,batch-055
unmapped_observation,entry-01587,tome,batch-055
unmapped_observation,entry-01588,tome,batch-055
unmapped_observation,entry-01589,tome,batch-055
unmapped_observation,entry-01590,tome,batch-055
unmapped_observation,entry-01591,tome,batch-055
unmapped_observation,entry-01592,tome,batch-055
unmapped_observation,entry-01593,tome,batch-055
unmapped_observation,entry-01594,tome,batch-055
unmapped_observation,entry-01595,tome,batch-055
unmapped_observation,entry-01596,tome,batch-055
unmapped_observation,entry-01597,tome,batch-055
unmapped_observation,entry-01598,tome,batch-055
unmapped_observation,entry-01599,tome,batch-055
unmapped_observation,entry-01600,tome,batch-055
unmapped_observation,entry-01601,tome,batch-055
unmapped_observation,entry-01602,tome,batch-055
unmapped_observation,entry-01603,tome,batch-055
unmapped_observation,entry-01604,tome,batch-055
unmapped_observation,entry-01605,tome,batch-055
unmapped_observation,entry-01606,tome,batch-055
unmapped_observation,entry-01607,tome,batch-055
unmapped_observation,entry-01608,tome,batch-055
unmapped_observation,entry-01609,tome,batch-055
unmapped_observation,entry-01610,tome,batch-055
unmapped_observation,entry-01611,tome,batch-055
unmapped_observation,entry-01612,tome,batch-055
unmapped_observation,entry-01613,tome,batch-055
unmapped_observation,entry-01614,tome,batch-055
unmapped_observation,entry-01615,tome,batch-055
unmapped_observation,entry-01616,tome,batch-055
unmapped_observation,entry-01617,tome,batch-055
unmapped_observation,entry-01618,tome,batch-055
unmapped_observation,entry-01619,tome,batch-055
unmapped_observation,entry-01620,tome,batch-055
unmapped_observation,entry-01621,tome,batch-055
unmapped_observation,entry-01622,tome,batch-055
unmapped_observation,entry-01623,tome,batch-055
unmapped_observation,entry-01624,tome,batch-055
unmapped_observation,entry-01625,tome,batch-056
unmapped_observation,entry-01632,tome,batch-056
unmapped_observation,entry-01633,tome,batch-056
unmapped_observation,entry-01641,tome,batch-056
unmapped_observation,entry-01644,tome,batch-056
unmapped_observation,entry-01657,tome,batch-056
unmapped_observation,entry-01659,tome,batch-056
unmapped_observation,entry-01661,tome,batch-056
unmapped_observation,entry-01665,tome,batch-056
unmapped_observation,entry-01689,tome,batch-057
unmapped_observation,entry-01700,tome,batch-057
unmapped_observation,entry-01703,tome,batch-057
unmapped_observation,entry-01705,tome,batch-057
unmapped_observation,entry-01706,tome,batch-058
unmapped_observation,entry-01707,tome,batch-058
unmapped_observation,entry-01708,tome,batch-058
unmapped_observation,entry-01709,tome,batch-058
unmapped_observation,entry-01710,tome,batch-058
unmapped_observation,entry-01711,tome,batch-058
unmapped_observation,entry-01712,tome,batch-058
unmapped_observation,entry-01713,tome,batch-058
unmapped_observation,entry-01714,tome,batch-058
unmapped_observation,entry-01715,tome,batch-058
unmapped_observation,entry-01716,tome,batch-058
unmapped_observation,entry-01717,tome,batch-058
unmapped_observation,entry-01718,tome,batch-058
unmapped_observation,entry-01719,tome,batch-058
unmapped_observation,entry-01720,tome,batch-058
unmapped_observation,entry-01721,tome,batch-058
unmapped_observation,entry-01722,tome,batch-058
unmapped_observation,entry-01723,tome,batch-058
unmapped_observation,entry-01724,tome,batch-058
unmapped_observation,entry-01725,tome,batch-058
unmapped_observation,entry-01726,tome,batch-058
unmapped_observation,entry-01727,tome,batch-058
unmapped_observation,entry-01728,tome,batch-058
unmapped_observation,entry-01729,tome,batch-058
unmapped_observation,entry-01730,tome,batch-058
unmapped_observation,entry-01731,tome,batch-058
unmapped_observation,entry-01732,tome,batch-058
unmapped_observation,entry-01733,tome,batch-058
unmapped_observation,entry-01734,tome,batch-058
unmapped_observation,entry-01735,tome,batch-058
unmapped_observation,entry-01736,tome,batch-058
unmapped_observation,entry-01737,tome,batch-058
unmapped_observation,entry-01738,tome,batch-058
unmapped_observation,entry-01739,tome,batch-058
unmapped_observation,entry-01740,tome,batch-058
unmapped_observation,entry-01741,tome,batch-058
unmapped_observation,entry-01742,tome,batch-058
unmapped_observation,entry-01743,tome,batch-058
unmapped_observation,entry-01744,tome,batch-058
unmapped_observation,entry-01745,tome,batch-058
unmapped_observation,entry-01751,tome,batch-059
unmapped_observation,entry-01767,tome,batch-059
unmapped_observation,entry-01785,tome,batch-059
unmapped_observation,entry-01788,tome,batch-060
unmapped_observation,entry-01798,tome,batch-060
unmapped_observation,entry-01803,tome,batch-060
unmapped_observation,entry-01804,tome,batch-060
unmapped_observation,entry-01807,tome,batch-060
unmapped_observation,entry-01820,tome,batch-060
unmapped_observation,entry-01823,tome,batch-060
unmapped_observation,entry-01825,tome,batch-060
unmapped_observation,entry-01835,tome,batch-061
unmapped_observation,entry-01838,tome,batch-061
unmapped_observation,entry-01839,tome,batch-061
unmapped_observation,entry-01851,tome,batch-061
unmapped_observation,entry-01861,tome,batch-061
unmapped_observation,entry-01865,tome,batch-061
unmapped_observation,entry-01866,tome,batch-062
unmapped_observation,entry-01867,tome,batch-062
unmapped_observation,entry-01868,tome,batch-062
unmapped_observation,entry-01869,tome,batch-062
unmapped_observation,entry-01870,tome,batch-062
unmapped_observation,entry-01871,tome,batch-062
unmapped_observation,entry-01872,tome,batch-062
unmapped_observation,entry-01873,tome,batch-062
unmapped_observation,entry-01874,tome,batch-062
unmapped_observation,entry-01875,tome,batch-062
unmapped_observation,entry-01876,tome,batch-062
unmapped_observation,entry-01877,tome,batch-062
unmapped_observation,entry-01878,tome,batch-062
unmapped_observation,entry-01879,tome,batch-062
unmapped_observation,entry-01880,tome,batch-062
unmapped_observation,entry-01881,tome,batch-062
unmapped_observation,entry-01882,tome,batch-062
unmapped_observation,entry-01883,tome,batch-062
unmapped_observation,entry-01884,tome,batch-062
unmapped_observation,entry-01885,tome,batch-062
unmapped_observation,entry-01886,tome,batch-062
unmapped_observation,entry-01887,tome,batch-062
unmapped_observation,entry-01888,tome,batch-062
unmapped_observation,entry-01889,tome,batch-062
unmapped_observation,entry-01890,tome,batch-062
unmapped_observation,entry-01891,tome,batch-062
unmapped_observation,entry-01892,tome,batch-062
unmapped_observation,entry-01893,tome,batch-062
unmapped_observation,entry-01894,tome,batch-062
unmapped_observation,entry-01895,tome,batch-062
unmapped_observation,entry-01896,tome,batch-062
unmapped_observation,entry-01897,tome,batch-062
unmapped_observation,entry-01898,tome,batch-062
unmapped_observation,entry-01899,tome,batch-062
unmapped_observation,entry-01900,tome,batch-062
unmapped_observation,entry-01901,tome,batch-062
unmapped_observation,entry-01902,tome,batch-062
unmapped_observation,entry-01903,tome,batch-062
unmapped_observation,entry-01904,tome,batch-062
unmapped_observation,entry-01905,tome,batch-062
unmapped_observation,entry-01911,tome,batch-063
unmapped_observation,entry-01913,tome,batch-063
unmapped_observation,entry-01917,tome,
unmapped_observation,entry-01919,tome,batch-063
unmapped_observation,entry-01924,tome,batch-063
unmapped_observation,entry-01945,tome,batch-063
unmapped_observation,entry-01948,tome,batch-064
unmapped_observation,entry-01970,tome,batch-064
unmapped_observation,entry-01976,tome,batch-064
unmapped_observation,entry-01980,tome,batch-064
unmapped_observation,entry-01984,tome,batch-064
unmapped_observation,entry-01987,tome,batch-064
unmapped_observation,entry-01988,tome,batch-065
unmapped_observation,entry-01989,tome,batch-065
unmapped_observation,entry-01994,tome,batch-065
unmapped_observation,entry-02000,tome,batch-065
unmapped_observation,entry-02004,tome,batch-065
unmapped_observation,entry-02015,tome,batch-065
unmapped_observation,entry-02022,tome,batch-065
unmapped_observation,entry-02023,tome,batch-065
unmapped_observation,entry-02024,tome,batch-065
unmapped_observation,entry-02025,tome,batch-065
unmapped_observation,entry-02026,tome,batch-065
unmapped_observation,entry-02027,tome,batch-065
unmapped_observation,entry-02028,tome,batch-066
unmapped_observation,entry-02029,tome,batch-066
unmapped_observation,entry-02030,tome,batch-066
unmapped_observation,entry-02031,tome,batch-066
unmapped_observation,entry-02032,tome,batch-066
unmapped_observation,entry-02033,tome,batch-066
unmapped_observation,entry-02034,tome,batch-066
unmapped_observation,entry-02035,tome,batch-066
unmapped_observation,entry-02036,tome,batch-066
unmapped_observation,entry-02037,tome,batch-066
unmapped_observation,entry-02038,tome,batch-066
unmapped_observation,entry-02039,tome,batch-066
unmapped_observation,entry-02040,tome,batch-066
unmapped_observation,entry-02041,tome,batch-066
unmapped_observation,entry-02042,tome,batch-066
unmapped_observation,entry-02043,tome,batch-066
unmapped_observation,entry-02044,tome,batch-066
unmapped_observation,entry-02045,tome,batch-066
unmapped_observation,entry-02046,tome,batch-066
unmapped_observation,entry-02047,tome,batch-066
unmapped_observation,entry-02048,tome,batch-066
unmapped_observation,entry-02049,tome,batch-066
unmapped_observation,entry-02050,tome,batch-066
unmapped_observation,entry-02051,tome,batch-066
unmapped_observation,entry-02052,tome,batch-066
unmapped_observation,entry-02053,tome,batch-066
unmapped_observation,entry-02054,tome,batch-066
unmapped_observation,entry-02055,tome,batch-066
unmapped_observation,entry-02056,tome,batch-066
unmapped_observation,entry-02057,tome,batch-066
unmapped_observation,entry-02058,tome,batch-066
unmapped_observation,entry-02059,tome,batch-066
unmapped_observation,entry-02060,tome,batch-066
unmapped_observation,entry-02061,tome,batch-066
unmapped_observation,entry-02062,tome,batch-066
unmapped_observation,entry-02063,tome,batch-066
unmapped_observation,entry-02064,tome,batch-066
unmapped_observation,entry-02065,tome,batch-066
unmapped_observation,entry-02066,tome,batch-066
unmapped_observation,entry-02067,tome,batch-066
unmapped_observation,entry-02069,tome,batch-067
unmapped_observation,entry-02074,tome,batch-067
unmapped_observation,entry-02081,tome,batch-067
unmapped_observation,entry-02097,tome,batch-067
unmapped_observation,entry-02103,tome,batch-067
unmapped_observation,entry-02106,tome,batch-067
unmapped_observation,entry-02107,tome,batch-067
unmapped_observation,entry-02109,tome,batch-068
unmapped_observation,entry-02110,tome,batch-068
unmapped_observation,entry-02113,tome,batch-068
unmapped_observation,entry-02115,tome,batch-068
unmapped_observation,entry-02125,tome,batch-068
unmapped_observation,entry-02128,tome,batch-068
unmapped_observation,entry-02141,tome,batch-068
unmapped_observation,entry-02148,tome,batch-069
unmapped_observation,entry-02149,tome,batch-069
unmapped_observation,entry-02150,tome,batch-069
unmapped_observation,entry-02151,tome,batch-069
unmapped_observation,entry-02152,tome,batch-069
unmapped_observation,entry-02153,tome,batch-069
unmapped_observation,entry-02154,tome,batch-069
unmapped_observation,entry-02155,tome,batch-069
unmapped_observation,entry-02156,tome,batch-069
unmapped_observation,entry-02157,tome,batch-069
unmapped_observation,entry-02158,tome,batch-069
unmapped_observation,entry-02159,tome,batch-069
unmapped_observation,entry-02160,tome,batch-069
unmapped_observation,entry-02161,tome,batch-069
unmapped_observation,entry-02162,tome,batch-069
unmapped_observation,entry-02163,tome,batch-069
unmapped_observation,entry-02164,tome,batch-069
unmapped_observation,entry-02165,tome,batch-069
unmapped_observation,entry-02166,tome,batch-069
unmapped_observation,entry-02167,tome,batch-069
unmapped_observation,entry-02168,tome,batch-069
unmapped_observation,entry-02169,tome,batch-069
unmapped_observation,entry-02170,tome,batch-069
unmapped_observation,entry-02171,tome,batch-069
unmapped_observation,entry-02172,tome,batch-069
unmapped_observation,entry-02173,tome,batch-069
unmapped_observation,entry-02174,tome,batch-069
unmapped_observation,entry-02175,tome,batch-069
unmapped_observation,entry-02176,tome,batch-069
unmapped_observation,entry-02177,tome,batch-069
unmapped_observation,entry-02178,tome,batch-069
unmapped_observation,entry-02179,tome,batch-069
unmapped_observation,entry-02180,tome,batch-069
unmapped_observation,entry-02181,tome,batch-069
unmapped_observation,entry-02182,tome,batch-069
unmapped_observation,entry-02183,tome,batch-069
unmapped_observation,entry-02184,tome,batch-069
unmapped_observation,entry-02185,tome,batch-069
unmapped_observation,entry-02186,tome,batch-069
unmapped_observation,entry-02187,tome,batch-069
unmapped_observation,entry-02188,tome,batch-070
unmapped_observation,entry-02189,tome,batch-070
unmapped_observation,entry-02190,tome,batch-070
unmapped_observation,entry-02191,tome,batch-070
unmapped_observation,entry-02192,tome,batch-070
unmapped_observation,entry-02193,tome,batch-070
unmapped_observation,entry-02194,tome,batch-070
unmapped_observation,entry-02195,tome,batch-070
unmapped_observation,entry-02196,tome,batch-070
unmapped_observation,entry-02197,tome,batch-070
unmapped_observation,entry-02198,tome,batch-070
unmapped_observation,entry-02199,tome,batch-070
unmapped_observation,entry-02200,tome,batch-070
unmapped_observation,entry-02201,tome,batch-070
unmapped_observation,entry-02202,tome,batch-070
unmapped_observation,entry-02203,tome,batch-070
unmapped_observation,entry-02204,tome,batch-070
unmapped_observation,entry-02205,tome,batch-070
unmapped_observation,entry-02206,tome,batch-070
unmapped_observation,entry-02207,tome,batch-070
unmapped_observation,entry-02208,tome,batch-070
unmapped_observation,entry-02209,tome,batch-070
unmapped_observation,entry-02210,tome,batch-070
unmapped_observation,entry-02211,tome,batch-070
unmapped_observation,entry-02212,tome,batch-070
unmapped_observation,entry-02213,tome,batch-070
unmapped_observation,entry-02214,tome,batch-070
unmapped_observation,entry-02215,tome,batch-070
unmapped_observation,entry-02216,tome,batch-070
unmapped_observation,entry-02217,tome,batch-070
unmapped_observation,entry-02218,tome,batch-070
unmapped_observation,entry-02219,tome,batch-070
unmapped_observation,entry-02220,tome,batch-070
unmapped_observation,entry-02221,tome,batch-070
unmapped_observation,entry-02222,tome,batch-070
unmapped_observation,entry-02223,tome,batch-070
unmapped_observation,entry-02224,tome,batch-070
unmapped_observation,entry-02225,tome,batch-070
unmapped_observation,entry-02226,tome,batch-070
unmapped_observation,entry-02227,tome,batch-070
unmapped_observation,entry-02252,tome,batch-071
unmapped_observation,entry-02258,tome,batch-071
unmapped_observation,entry-02259,tome,batch-071
unmapped_observation,entry-02265,tome,batch-071
unmapped_observation,entry-02267,tome,batch-071
unmapped_observation,entry-02268,tome,batch-072
unmapped_observation,entry-02269,tome,batch-072
unmapped_observation,entry-02270,tome,batch-072
unmapped_observation,entry-02271,tome,batch-072
unmapped_observation,entry-02272,tome,batch-072
unmapped_observation,entry-02273,tome,batch-072
unmapped_observation,entry-02274,tome,batch-072
unmapped_observation,entry-02275,tome,batch-072
unmapped_observation,entry-02276,tome,batch-072
unmapped_observation,entry-02277,tome,batch-072
unmapped_observation,entry-02278,tome,batch-072
unmapped_observation,entry-02279,tome,batch-072
unmapped_observation,entry-02280,tome,batch-072
unmapped_observation,entry-02281,tome,batch-072
unmapped_observation,entry-02282,tome,batch-072
unmapped_observation,entry-02283,tome,batch-072
unmapped_observation,entry-02284,tome,batch-072
unmapped_observation,entry-02285,tome,batch-072
unmapped_observation,entry-02286,tome,batch-072
unmapped_observation,entry-02287,tome,batch-072
unmapped_observation,entry-02288,tome,batch-072
unmapped_observation,entry-02289,tome,batch-072
unmapped_observation,entry-02290,tome,batch-072
unmapped_observation,entry-02291,tome,batch-072
unmapped_observation,entry-02292,tome,batch-072
unmapped_observation,entry-02293,tome,batch-072
unmapped_observation,entry-02294,tome,batch-072
unmapped_observation,entry-02295,tome,batch-072
unmapped_observation,entry-02296,tome,batch-072
unmapped_observation,entry-02297,tome,batch-072
unmapped_observation,entry-02298,tome,batch-072
unmapped_observation,entry-02299,tome,batch-072
unmapped_observation,entry-02300,tome,batch-072
unmapped_observation,entry-02301,tome,batch-072
unmapped_observation,entry-02302,tome,batch-072
unmapped_observation,entry-02303,tome,batch-072
unmapped_observation,entry-02304,tome,batch-072
unmapped_observation,entry-02305,tome,batch-072
unmapped_observation,entry-02306,tome,batch-072
unmapped_observation,entry-02307,tome,batch-072
unmapped_observation,entry-02308,tome,batch-073
unmapped_observation,entry-02310,tome,batch-073
unmapped_observation,entry-02311,tome,batch-073
unmapped_observation,entry-02312,tome,batch-073
unmapped_observation,entry-02313,tome,batch-073
unmapped_observation,entry-02314,tome,batch-073
unmapped_observation,entry-02315,tome,batch-073
unmapped_observation,entry-02316,tome,batch-073
unmapped_observation,entry-02317,tome,batch-073
unmapped_observation,entry-02318,tome,batch-073
unmapped_observation,entry-02319,tome,batch-073
unmapped_observation,entry-02320,tome,batch-073
unmapped_observation,entry-02321,tome,batch-073
unmapped_observation,entry-02322,tome,batch-073
unmapped_observation,entry-02323,tome,batch-073
unmapped_observation,entry-02324,tome,batch-073
unmapped_observation,entry-02325,tome,batch-073
unmapped_observation,entry-02326,tome,batch-073
unmapped_observation,entry-02327,tome,batch-073
unmapped_observation,entry-02328,tome,batch-073
unmapped_observation,entry-02329,tome,batch-073
unmapped_observation,entry-02330,tome,batch-073
unmapped_observation,entry-02331,tome,batch-073
unmapped_observation,entry-02332,tome,batch-073
unmapped_observation,entry-02333,tome,batch-073
unmapped_observation,entry-02334,tome,batch-073
unmapped_observation,entry-02335,tome,batch-073
unmapped_observation,entry-02336,tome,batch-073
unmapped_observation,entry-02337,tome,batch-073
unmapped_observation,entry-02338,tome,batch-073
unmapped_observation,entry-02339,tome,batch-073
unmapped_observation,entry-02340,tome,batch-073
unmapped_observation,entry-02341,tome,batch-073
unmapped_observation,entry-02342,tome,batch-073
unmapped_observation,entry-02343,tome,batch-073
unmapped_observation,entry-02344,tome,batch-073
unmapped_observation,entry-02345,tome,batch-073
unmapped_observation,entry-02346,tome,batch-073
unmapped_observation,entry-02347,tome,batch-073
unmapped_observation,entry-02348,tome,batch-073
unmapped_observation,entry-02349,tome,batch-074
unmapped_observation,entry-02352,tome,batch-074
unmapped_observation,entry-02354,tome,batch-074
unmapped_observation,entry-02356,tome,batch-074
unmapped_observation,entry-02360,tome,batch-074
unmapped_observation,entry-02380,tome,batch-074
unmapped_observation,entry-02381,tome,batch-074
unmapped_observation,entry-02388,tome,batch-074
unmapped_observation,entry-02391,tome,batch-075
unmapped_observation,entry-02392,tome,batch-075
unmapped_observation,entry-02393,tome,batch-075
unmapped_observation,entry-02394,tome,batch-075
unmapped_observation,entry-02399,tome,batch-075
unmapped_observation,entry-02422,tome,batch-075
unmapped_observation,entry-02425,tome,batch-075
unmapped_observation,entry-02426,tome,batch-075
unmapped_observation,entry-02427,tome,batch-075
unmapped_observation,entry-02428,tome,batch-075
unmapped_observation,entry-02435,tome,batch-076
unmapped_observation,entry-02439,tome,batch-076
unmapped_observation,entry-02449,tome,batch-076
unmapped_observation,entry-02451,tome,batch-076
unmapped_observation,entry-02456,tome,batch-076
unmapped_observation,entry-02460,tome,batch-076
unmapped_observation,entry-02466,tome,batch-076
unmapped_observation,entry-02469,tome,batch-076
unmapped_observation,entry-02474,tome,batch-077
unmapped_observation,entry-02489,tome,batch-077
unmapped_observation,entry-02500,tome,batch-077
unmapped_observation,entry-02506,tome,batch-077
unmapped_observation,entry-02509,tome,batch-077
unmapped_observation,entry-02520,tome,batch-078
unmapped_observation,entry-02521,tome,batch-078
unmapped_observation,entry-02522,tome,batch-078
unmapped_observation,entry-02523,tome,batch-078
unmapped_observation,entry-02524,tome,batch-078
unmapped_observation,entry-02530,tome,batch-078
unmapped_observation,entry-02533,tome,batch-078
unmapped_observation,entry-02534,tome,batch-078
unmapped_observation,entry-02537,tome,batch-078
unmapped_observation,entry-02538,tome,batch-079
unmapped_observation,entry-02541,tome,batch-079
unmapped_observation,entry-02545,tome,batch-079
unmapped_observation,entry-02552,tome,batch-079
unmapped_observation,entry-02555,tome,batch-079
unmapped_observation,entry-02557,tome,batch-079
unmapped_observation,entry-02559,tome,batch-079
unmapped_observation,entry-02565,tome,batch-079
unmapped_observation,entry-02568,tome,batch-079
unmapped_observation,entry-02570,tome,batch-079
unmapped_observation,entry-02576,tome,batch-080
unmapped_observation,entry-02579,tome,batch-080
unmapped_observation,entry-02586,tome,batch-080
unmapped_observation,entry-02598,tome,batch-080
unmapped_observation,entry-02599,tome,batch-080
unmapped_observation,entry-02601,tome,batch-080
unmapped_observation,entry-02609,tome,batch-080
unmapped_observation,entry-02611,tome,batch-080
unmapped_observation,entry-02614,tome,batch-081
unmapped_observation,entry-02636,tome,batch-081
unmapped_observation,entry-02637,tome,batch-081
unmapped_observation,entry-02638,tome,batch-081
unmapped_observation,entry-02640,tome,batch-081
unmapped_observation,entry-02643,tome,batch-081
unmapped_observation,entry-02644,tome,batch-081
unmapped_observation,entry-02652,tome,batch-082
unmapped_observation,entry-02653,tome,batch-082
unmapped_observation,entry-02654,tome,batch-082
unmapped_observation,entry-02655,tome,batch-082
unmapped_observation,entry-02656,tome,batch-082
unmapped_observation,entry-02657,tome,batch-082
unmapped_observation,entry-02658,tome,batch-082
unmapped_observation,entry-02659,tome,batch-082
unmapped_observation,entry-02660,tome,batch-082
unmapped_observation,entry-02661,tome,batch-082
unmapped_observation,entry-02662,tome,batch-082
unmapped_observation,entry-02663,tome,batch-082
unmapped_observation,entry-02664,tome,batch-082
unmapped_observation,entry-02665,tome,batch-082
unmapped_observation,entry-02666,tome,batch-082
unmapped_observation,entry-02667,tome,batch-082
unmapped_observation,entry-02668,tome,batch-082
unmapped_observation,entry-02669,tome,batch-082
unmapped_observation,entry-02670,tome,batch-082
unmapped_observation,entry-02671,tome,batch-082
unmapped_observation,entry-02672,tome,batch-082
unmapped_observation,entry-02673,tome,batch-082
unmapped_observation,entry-02674,tome,batch-082
unmapped_observation,entry-02675,tome,batch-082
unmapped_observation,entry-02676,tome,batch-082
unmapped_observation,entry-02677,tome,batch-082
unmapped_observation,entry-02678,tome,batch-082
unmapped_observation,entry-02679,tome,batch-082
unmapped_observation,entry-02680,tome,batch-082
unmapped_observation,entry-02681,tome,batch-082
unmapped_observation,entry-02682,tome,batch-082
unmapped_observation,entry-02683,tome,batch-082
unmapped_observation,entry-02684,tome,batch-082
unmapped_observation,entry-02685,tome,batch-082
unmapped_observation,entry-02686,tome,batch-082
unmapped_observation,entry-02687,tome,batch-082
unmapped_observation,entry-02688,tome,batch-082
unmapped_observation,entry-02689,tome,batch-082
unmapped_observation,entry-02690,tome,batch-082
unmapped_observation,entry-02691,tome,batch-082
unmapped_observation,entry-02694,tome,batch-083
unmapped_observation,entry-02700,tome,batch-083
unmapped_observation,entry-02731,tome,batch-083
unmapped_observation,entry-02732,tome,batch-084
unmapped_observation,entry-02735,tome,batch-084
unmapped_observation,entry-02740,tome,batch-084
unmapped_observation,entry-02747,tome,batch-084
unmapped_observation,entry-02759,tome,batch-084
unmapped_observation,entry-02763,tome,batch-084
unmapped_observation,entry-02764,tome,batch-084
unmapped_observation,entry-02765,tome,batch-084
unmapped_observation,entry-02771,tome,batch-084
unmapped_observation,entry-02775,tome,batch-085
unmapped_observation,entry-02789,tome,batch-085
unmapped_observation,entry-02790,tome,batch-085
unmapped_observation,entry-02791,tome,batch-085
unmapped_observation,entry-02798,tome,batch-085
unmapped_observation,entry-02801,tome,batch-085
unmapped_observation,entry-02805,tome,batch-085
unmapped_observation,entry-02806,tome,batch-085
unmapped_observation,entry-02807,tome,batch-085
unmapped_observation,entry-02811,tome,batch-085
unmapped_observation,entry-02828,tome,batch-086
unmapped_observation,entry-02830,tome,batch-086
unmapped_observation,entry-02846,tome,batch-086
unmapped_observation,entry-02849,tome,batch-086
unmapped_observation,entry-02850,tome,batch-086
unmapped_observation,entry-02852,tome,batch-087
unmapped_observation,entry-02853,tome,batch-087
unmapped_observation,entry-02854,tome,batch-087
unmapped_observation,entry-02855,tome,batch-087
unmapped_observation,entry-02856,tome,batch-087
unmapped_observation,entry-02857,tome,batch-087
unmapped_observation,entry-02858,tome,batch-087
unmapped_observation,entry-02859,tome,batch-087
unmapped_observation,entry-02860,tome,batch-087
unmapped_observation,entry-02861,tome,batch-087
unmapped_observation,entry-02862,tome,batch-087
unmapped_observation,entry-02863,tome,batch-087
unmapped_observation,entry-02864,tome,batch-087
unmapped_observation,entry-02865,tome,batch-087
unmapped_observation,entry-02866,tome,batch-087
unmapped_observation,entry-02867,tome,batch-087
unmapped_observation,entry-02868,tome,batch-087
unmapped_observation,entry-02869,tome,batch-087
unmapped_observation,entry-02870,tome,batch-087
unmapped_observation,entry-02871,tome,batch-087
unmapped_observation,entry-02872,tome,batch-087
unmapped_observation,entry-02873,tome,batch-087
unmapped_observation,entry-02874,tome,batch-087
unmapped_observation,entry-02875,tome,batch-087
unmapped_observation,entry-02876,tome,batch-087
unmapped_observation,entry-02877,tome,batch-087
unmapped_observation,entry-02878,tome,batch-087
unmapped_observation,entry-02879,tome,batch-087
unmapped_observation,entry-02880,tome,batch-087
unmapped_observation,entry-02881,tome,batch-087
unmapped_observation,entry-02882,tome,batch-087
unmapped_observation,entry-02883,tome,batch-087
unmapped_observation,entry-02884,tome,batch-087
unmapped_observation,entry-02885,tome,batch-087
unmapped_observation,entry-02886,tome,batch-087
unmapped_observation,entry-02887,tome,batch-087
unmapped_observation,entry-02888,tome,batch-087
unmapped_observation,entry-02889,tome,batch-087
unmapped_observation,entry-02890,tome,batch-087
unmapped_observation,entry-02891,tome,batch-087
unmapped_observation,entry-02921,tome,batch-088
unmapped_observation,entry-02927,tome,batch-088
unmapped_observation,entry-02929,tome,batch-088
unmapped_observation,entry-02932,tome,batch-089
unmapped_observation,entry-02933,tome,batch-089
unmapped_observation,entry-02934,tome,batch-089
unmapped_observation,entry-02935,tome,batch-089
unmapped_observation,entry-02936,tome,batch-089
unmapped_observation,entry-02937,tome,batch-089
unmapped_observation,entry-02938,tome,batch-089
unmapped_observation,entry-02939,tome,batch-089
unmapped_observation,entry-02940,tome,batch-089
unmapped_observation,entry-02941,tome,batch-089
unmapped_observation,entry-02942,tome,batch-089
unmapped_observation,entry-02943,tome,batch-089
unmapped_observation,entry-02944,tome,batch-089
unmapped_observation,entry-02945,tome,batch-089
unmapped_observation,entry-02946,tome,batch-089
unmapped_observation,entry-02947,tome,batch-089
unmapped_observation,entry-02948,tome,batch-089
unmapped_observation,entry-02949,tome,batch-089
unmapped_observation,entry-02950,tome,batch-089
unmapped_observation,entry-02951,tome,batch-089
unmapped_observation,entry-02952,tome,batch-089
unmapped_observation,entry-02953,tome,batch-089
unmapped_observation,entry-02954,tome,batch-089
unmapped_observation,entry-02955,tome,batch-089
unmapped_observation,entry-02956,tome,batch-089
unmapped_observation,entry-02957,tome,batch-089
unmapped_observation,entry-02958,tome,batch-089
unmapped_observation,entry-02959,tome,batch-089
unmapped_observation,entry-02960,tome,batch-089
unmapped_observation,entry-02961,tome,batch-089
unmapped_observation,entry-02962,tome,batch-089
unmapped_observation,entry-02963,tome,batch-089
unmapped_observation,entry-02964,tome,batch-089
unmapped_observation,entry-02965,tome,batch-089
unmapped_observation,entry-02966,tome,batch-089
unmapped_observation,entry-02967,tome,batch-089
unmapped_observation,entry-02968,tome,batch-089
unmapped_observation,entry-02969,tome,batch-089
unmapped_observation,entry-02970,tome,batch-089
unmapped_observation,entry-02971,tome,batch-089
unmapped_observation,entry-02973,tome,batch-090
unmapped_observation,entry-02982,tome,batch-090
unmapped_observation,entry-03023,tome,batch-091
unmapped_observation,entry-03025,tome,batch-091
unmapped_observation,entry-03027,tome,batch-091
unmapped_observation,entry-03045,tome,batch-091
unmapped_observation,entry-03051,tome,batch-091
unmapped_observation,entry-03058,tome,batch-092
unmapped_observation,entry-03092,tome,batch-093
unmapped_observation,entry-03112,tome,batch-093
unmapped_observation,entry-03114,tome,batch-093
unmapped_observation,entry-03118,tome,batch-093
unmapped_observation,entry-03122,tome,batch-093
unmapped_observation,entry-03129,tome,batch-093
unmapped_observation,entry-03131,tome,batch-093
unmapped_observation,entry-03137,tome,batch-094
unmapped_observation,entry-03139,tome,batch-094
unmapped_observation,entry-03149,tome,batch-094
unmapped_observation,entry-03167,tome,batch-094
unmapped_observation,entry-03174,tome,batch-095
unmapped_observation,entry-03175,tome,batch-095
unmapped_observation,entry-03176,tome,batch-095
unmapped_observation,entry-03183,tome,batch-095
unmapped_observation,entry-03191,tome,batch-095
unmapped_observation,entry-03192,tome,batch-095
unmapped_observation,entry-03195,tome,batch-095
unmapped_observation,entry-03196,tome,batch-095
unmapped_observation,entry-03197,tome,batch-095
unmapped_observation,entry-03201,tome,batch-095
unmapped_observation,entry-03203,tome,batch-095
unmapped_observation,entry-03209,tome,batch-095
unmapped_observation,entry-03210,tome,batch-095
unmapped_observation,entry-03211,tome,batch-095
unmapped_observation,entry-03216,tome,batch-096
unmapped_observation,entry-03217,tome,batch-096
unmapped_observation,entry-03218,tome,batch-096
unmapped_observation,entry-03220,tome,batch-096
unmapped_observation,entry-03222,tome,batch-096
unmapped_observation,entry-03225,tome,batch-096
unmapped_observation,entry-03227,tome,batch-096
unmapped_observation,entry-03230,tome,batch-096
unmapped_observation,entry-03236,tome,batch-096
unmapped_observation,entry-03245,tome,batch-096
unmapped_observation,entry-03248,tome,batch-096
unmapped_observation,entry-03258,tome,batch-097
unmapped_observation,entry-03263,tome,batch-097
unmapped_observation,entry-03268,tome,batch-097
unmapped_observation,entry-03272,tome,batch-097
unmapped_observation,entry-03282,tome,batch-097
unmapped_observation,entry-03289,tome,batch-097
unmapped_observation,entry-03294,tome,batch-098
unmapped_observation,entry-03299,tome,batch-098
unmapped_observation,entry-03300,tome,batch-098
unmapped_observation,entry-03305,tome,batch-098
unmapped_observation,entry-03335,addon-dev,batch-099
unmapped_observation,entry-03341,ashes-urhrok,batch-099
unmapped_observation,entry-03345,ashes-urhrok,batch-099
unmapped_observation,entry-03347,ashes-urhrok,batch-099
unmapped_observation,entry-03352,ashes-urhrok,batch-099
unmapped_observation,entry-03363,ashes-urhrok,batch-099
unmapped_observation,entry-03364,ashes-urhrok,batch-099
unmapped_observation,entry-03365,ashes-urhrok,batch-100
unmapped_observation,entry-03366,ashes-urhrok,batch-101
unmapped_observation,entry-03374,ashes-urhrok,batch-101
unmapped_observation,entry-03376,ashes-urhrok,batch-101
unmapped_observation,entry-03377,ashes-urhrok,batch-101
unmapped_observation,entry-03383,ashes-urhrok,batch-102
unmapped_observation,entry-03384,ashes-urhrok,batch-102
unmapped_observation,entry-03388,ashes-urhrok,batch-102
unmapped_observation,entry-03393,ashes-urhrok,batch-103
unmapped_observation,entry-03395,ashes-urhrok,batch-103
unmapped_observation,entry-03396,ashes-urhrok,batch-103
unmapped_observation,entry-03400,ashes-urhrok,batch-103
unmapped_observation,entry-03402,ashes-urhrok,batch-103
unmapped_observation,entry-03404,ashes-urhrok,batch-103
unmapped_observation,entry-03413,ashes-urhrok,batch-103
unmapped_observation,entry-03420,ashes-urhrok,batch-103
unmapped_observation,entry-03429,ashes-urhrok,batch-104
unmapped_observation,entry-03430,ashes-urhrok,batch-104
unmapped_observation,entry-03431,ashes-urhrok,batch-104
unmapped_observation,entry-03436,ashes-urhrok,batch-104
unmapped_observation,entry-03437,ashes-urhrok,batch-104
unmapped_observation,entry-03441,ashes-urhrok,batch-104
unmapped_observation,entry-03445,ashes-urhrok,batch-104
unmapped_observation,entry-03448,ashes-urhrok,batch-104
unmapped_observation,entry-03454,ashes-urhrok,batch-104
unmapped_observation,entry-03455,ashes-urhrok,batch-104
unmapped_observation,entry-03456,ashes-urhrok,batch-104
unmapped_observation,entry-03458,ashes-urhrok,batch-104
unmapped_observation,entry-03460,ashes-urhrok,batch-104
unmapped_observation,entry-03464,cults,batch-104
unmapped_observation,entry-03468,cults,batch-104
unmapped_observation,entry-03472,cults,batch-105
unmapped_observation,entry-03475,cults,batch-105
unmapped_observation,entry-03476,cults,batch-105
unmapped_observation,entry-03477,cults,batch-105
unmapped_observation,entry-03488,cults,batch-105
unmapped_observation,entry-03489,cults,batch-105
unmapped_observation,entry-03490,cults,batch-105
unmapped_observation,entry-03491,cults,batch-105
unmapped_observation,entry-03493,cults,batch-105
unmapped_observation,entry-03496,cults,batch-105
unmapped_observation,entry-03501,cults,batch-105
unmapped_observation,entry-03510,cults,batch-106
unmapped_observation,entry-03511,cults,batch-106
unmapped_observation,entry-03513,cults,batch-106
unmapped_observation,entry-03514,cults,batch-106
unmapped_observation,entry-03517,cults,batch-106
unmapped_observation,entry-03527,cults,batch-107
unmapped_observation,entry-03531,cults,batch-107
unmapped_observation,entry-03533,cults,batch-108
unmapped_observation,entry-03535,cults,batch-108
unmapped_observation,entry-03540,cults,batch-108
unmapped_observation,entry-03543,cults,batch-108
unmapped_observation,entry-03544,cults,batch-109
unmapped_observation,entry-03548,cults,batch-109
unmapped_observation,entry-03549,cults,batch-109
unmapped_observation,entry-03551,cults,batch-109
unmapped_observation,entry-03555,cults,batch-110
unmapped_observation,entry-03557,cults,batch-110
unmapped_observation,entry-03558,cults,batch-110
unmapped_observation,entry-03562,cults,batch-110
unmapped_observation,entry-03564,cults,batch-110
unmapped_observation,entry-03568,cults,batch-111
unmapped_observation,entry-03570,cults,batch-111
unmapped_observation,entry-03571,cults,batch-111
unmapped_observation,entry-03574,cults,batch-111
unmapped_observation,entry-03579,cults,batch-111
unmapped_observation,entry-03581,cults,batch-111
unmapped_observation,entry-03582,cults,batch-111
unmapped_observation,entry-03583,cults,batch-111
unmapped_observation,entry-03588,cults,batch-111
unmapped_observation,entry-03593,cults,batch-111
unmapped_observation,entry-03594,cults,batch-111
unmapped_observation,entry-03598,cults,batch-111
unmapped_observation,entry-03600,cults,batch-111
unmapped_observation,entry-03604,cults,batch-111
unmapped_observation,entry-03606,cults,batch-112
unmapped_observation,entry-03609,cults,batch-112
unmapped_observation,entry-03614,cults,batch-112
unmapped_observation,entry-03617,cults,batch-112
unmapped_observation,entry-03620,cults,batch-112
unmapped_observation,entry-03623,cults,batch-112
unmapped_observation,entry-03630,cults,batch-112
unmapped_observation,entry-03633,cults,batch-112
unmapped_observation,entry-03642,cults,batch-112
unmapped_observation,entry-03643,cults,batch-112
unmapped_observation,entry-03650,cults,batch-113
unmapped_observation,entry-03655,cults,batch-113
unmapped_observation,entry-03659,cults,batch-113
unmapped_observation,entry-03672,cults,batch-113
unmapped_observation,entry-03681,cults,batch-113
unmapped_observation,entry-03685,cults,batch-114
unmapped_observation,entry-03686,cults,batch-114
unmapped_observation,entry-03689,cults,batch-114
unmapped_observation,entry-03691,cults,batch-114
unmapped_observation,entry-03692,cults,batch-114
unmapped_observation,entry-03698,items-vault,batch-114
unmapped_observation,entry-03704,orcs,batch-114
unmapped_observation,entry-03719,orcs,batch-114
unmapped_observation,entry-03728,orcs,batch-115
unmapped_observation,entry-03729,orcs,batch-115
unmapped_observation,entry-03730,orcs,batch-115
unmapped_observation,entry-03732,orcs,batch-115
unmapped_observation,entry-03814,orcs,batch-117
unmapped_observation,entry-03830,orcs,batch-117
unmapped_observation,entry-03841,orcs,batch-117
unmapped_observation,entry-03844,orcs,batch-117
unmapped_observation,entry-03846,orcs,batch-118
unmapped_observation,entry-03847,orcs,batch-118
unmapped_observation,entry-03848,orcs,batch-118
unmapped_observation,entry-03855,orcs,batch-119
unmapped_observation,entry-03862,orcs,batch-120
unmapped_observation,entry-03866,orcs,batch-121
unmapped_observation,entry-03867,orcs,batch-122
unmapped_observation,entry-03868,orcs,batch-122
unmapped_observation,entry-03869,orcs,batch-123
unmapped_observation,entry-03870,orcs,batch-123
unmapped_observation,entry-03873,orcs,batch-124
unmapped_observation,entry-03874,orcs,batch-124
unmapped_observation,entry-03880,orcs,batch-124
unmapped_observation,entry-03885,orcs,batch-124
unmapped_observation,entry-03891,orcs,batch-124
unmapped_observation,entry-03894,orcs,batch-124
unmapped_observation,entry-03915,orcs,batch-125
unmapped_observation,entry-03920,orcs,batch-125
unmapped_observation,entry-03923,orcs,batch-125
unmapped_observation,entry-03928,orcs,batch-125
unmapped_observation,entry-03929,orcs,batch-125
unmapped_observation,entry-03962,orcs,batch-126
unmapped_observation,entry-03964,orcs,batch-126
unmapped_observation,entry-03988,orcs,batch-126
unmapped_observation,entry-03989,orcs,batch-126
unmapped_observation,entry-03995,orcs,batch-127
unmapped_observation,entry-04102,orcs,batch-129
unmapped_observation,entry-04113,orcs,batch-130
unmapped_observation,entry-04119,possessors,batch-130
unmapped_observation,entry-04133,possessors,batch-130
unmapped_observation,entry-04144,possessors,batch-130
