entry_id,component,full_review,cross_review,todo_status
entry-00001,engine,True,False,
entry-00002,engine,True,False,
entry-00003,engine,True,False,
entry-00004,engine,True,True,unmapped_observation;source_local_parsing_pending;pending_fact_or_source;reported_observation_not_claim_mapped
entry-00005,engine,True,False,
entry-00006,engine,True,False,
entry-00007,engine,True,False,
entry-00008,engine,True,False,
entry-00009,engine,True,False,
entry-00010,engine,True,False,
entry-00011,engine,True,False,
entry-00012,engine,True,False,
entry-00013,engine,True,False,
entry-00014,engine,True,False,
entry-00015,engine,True,False,
entry-00016,engine,True,False,
entry-00017,engine,True,False,
entry-00018,engine,True,False,
entry-00019,engine,True,False,
entry-00020,engine,True,False,
entry-00021,engine,True,False,
entry-00022,engine,True,False,
entry-00023,engine,True,False,
entry-00024,engine,True,False,
entry-00025,engine,True,False,
entry-00026,engine,True,False,
entry-00027,engine,True,False,
entry-00028,engine,True,False,
entry-00029,engine,True,False,
entry-00030,engine,True,False,
entry-00031,engine,True,False,
entry-00032,engine,True,False,
entry-00033,engine,True,False,
entry-00034,engine,True,False,
entry-00035,engine,True,False,
entry-00036,engine,True,False,
entry-00037,engine,True,False,
entry-00038,engine,True,False,
entry-00039,engine,True,True,unmapped_observation;pending_fact_or_source;reported_observation_not_claim_mapped
entry-00040,engine,True,False,
entry-00041,engine,True,True,unmapped_observation;source_local_parsing_pending;reported_observation_not_claim_mapped
entry-00042,engine,True,False,
entry-00043,engine,True,False,
entry-00044,engine,True,False,
entry-00045,engine,True,False,
entry-00046,engine,True,False,
entry-00047,engine,True,False,
entry-00048,engine,True,False,
entry-00049,engine,True,False,
entry-00050,engine,True,False,
entry-00051,engine,True,False,
entry-00052,engine,True,False,
entry-00053,engine,True,False,
entry-00054,engine,True,False,
entry-00055,engine,True,False,
entry-00056,engine,True,False,
entry-00057,engine,True,False,
entry-00058,engine,True,False,
entry-00059,engine,True,False,
entry-00060,engine,True,False,
entry-00061,engine,True,True,unmapped_observation;reported_observation_not_claim_mapped
entry-00062,engine,True,False,
entry-00063,engine,True,True,unmapped_observation;source_local_parsing_pending;reported_observation_not_claim_mapped
entry-00064,engine,True,False,
entry-00065,engine,True,False,
entry-00066,engine,True,False,
entry-00067,engine,True,False,
entry-00068,engine,True,False,
entry-00069,engine,True,True,unmapped_observation;source_local_parsing_pending;reported_observation_not_claim_mapped
entry-00070,engine,True,False,
entry-00071,engine,True,False,
entry-00072,engine,True,False,
entry-00073,engine,True,False,
entry-00074,engine,True,False,
entry-00075,engine,True,True,unmapped_observation;reported_observation_not_claim_mapped
entry-00076,engine,True,False,
entry-00077,engine,True,False,
entry-00078,engine,True,False,
entry-00079,engine,True,False,
entry-00080,engine,True,False,
entry-00081,engine,True,False,
entry-00082,engine,True,False,
entry-00083,engine,True,False,
entry-00084,engine,True,False,
entry-00085,engine,True,False,
entry-00086,engine,True,False,
entry-00087,engine,True,False,
entry-00088,engine,True,False,
entry-00089,engine,True,False,
entry-00090,engine,True,True,unmapped_observation;source_local_parsing_pending;reported_observation_not_claim_mapped
entry-00091,engine,True,False,
entry-00092,engine,True,True,unmapped_observation;source_local_parsing_pending;reported_observation_not_claim_mapped
entry-00093,engine,True,False,
entry-00094,engine,True,True,unmapped_observation;source_local_parsing_pending;pending_fact_or_source;reported_observation_not_claim_mapped
entry-00095,engine,True,False,
entry-00096,engine,True,False,
entry-00097,engine,True,False,
entry-00098,engine,True,False,
entry-00099,engine,True,False,
entry-00100,engine,True,False,
entry-00101,engine,True,False,
entry-00102,engine,True,True,unmapped_observation;source_local_parsing_pending;pending_fact_or_source;reported_observation_not_claim_mapped
entry-00103,engine,True,False,
entry-00104,engine,True,False,
entry-00105,engine,True,True,unmapped_observation;source_local_parsing_pending;pending_fact_or_source;reported_observation_not_claim_mapped
entry-00106,engine,True,False,
entry-00107,engine,True,False,
entry-00108,engine,True,False,
entry-00109,engine,True,False,
entry-00110,engine,True,True,unmapped_observation;source_local_parsing_pending;pending_fact_or_source;reported_observation_not_claim_mapped
entry-00111,engine,True,True,unmapped_observation;source_local_parsing_pending;pending_fact_or_source;reported_observation_not_claim_mapped
entry-00112,engine,True,True,unmapped_observation;source_local_parsing_pending;pending_fact_or_source;reported_observation_not_claim_mapped
entry-00113,engine,True,False,
entry-00114,engine,True,False,
entry-00115,engine,True,False,
entry-00116,engine,True,False,
entry-00117,engine,True,False,
entry-00118,engine,True,False,
entry-00119,engine,True,False,
entry-00120,engine,True,False,
entry-00121,engine,True,False,
entry-00122,engine,True,False,
entry-00123,engine,True,False,
entry-00124,boot,True,True,unmapped_observation;source_local_parsing_pending;reported_observation_not_claim_mapped
entry-00125,boot,True,False,
entry-00126,boot,True,True,unmapped_observation;source_local_parsing_pending;reported_observation_not_claim_mapped
entry-00127,boot,True,False,
entry-00128,boot,True,True,unmapped_observation;source_local_parsing_pending;pending_fact_or_source;reported_observation_not_claim_mapped
entry-00129,boot,True,False,
entry-00130,boot,True,False,
entry-00131,boot,True,False,
entry-00132,boot,True,False,
entry-00133,boot,True,False,
entry-00134,boot,True,False,
entry-00135,boot,True,False,
entry-00136,boot,True,True,unmapped_observation;source_local_parsing_pending;pending_fact_or_source;reported_observation_not_claim_mapped
entry-00137,boot,True,False,
entry-00138,boot,True,False,
entry-00139,boot,True,True,unmapped_observation;source_local_parsing_pending;pending_fact_or_source;reported_observation_not_claim_mapped
entry-00140,boot,True,False,
entry-00141,boot,True,False,
entry-00142,boot,True,False,
entry-00143,boot,True,False,
entry-00144,boot,True,True,unmapped_observation;source_local_parsing_pending;pending_fact_or_source;reported_observation_not_claim_mapped
entry-00145,boot,True,True,unmapped_observation;source_local_parsing_pending;pending_fact_or_source;reported_observation_not_claim_mapped
entry-00146,boot,True,True,unmapped_observation;source_local_parsing_pending;pending_fact_or_source;reported_observation_not_claim_mapped
entry-00147,boot,True,False,
entry-00148,boot,True,False,
entry-00149,boot,True,False,
entry-00150,boot,True,False,
entry-00151,boot,True,False,
entry-00152,boot,True,False,
entry-00153,boot,True,False,
entry-00154,boot,True,False,
entry-00155,boot,True,False,
entry-00156,boot,True,False,
entry-00157,boot,True,False,
entry-00158,example,True,False,
entry-00159,example,True,False,
entry-00160,example,True,False,unmapped_observation;source_local_parsing_pending
entry-00161,example-realtime,True,False,unmapped_observation;source_local_parsing_pending
entry-00162,example-realtime,True,False,
entry-00163,example-realtime,True,False,
entry-00164,tome,True,True,unmapped_observation;source_local_parsing_pending;reported_observation_not_claim_mapped
entry-00165,tome,True,True,unmapped_observation;source_local_parsing_pending;pending_fact_or_source;reported_observation_not_claim_mapped
entry-00166,tome,True,True,unmapped_observation;source_local_parsing_pending;reported_observation_not_claim_mapped
entry-00167,tome,True,False,
entry-00168,tome,True,False,
entry-00169,tome,True,False,
entry-00170,tome,True,False,
entry-00171,tome,True,False,
entry-00172,tome,True,False,
entry-00173,tome,True,False,
entry-00174,tome,True,False,
entry-00175,tome,True,False,
entry-00176,tome,True,False,
entry-00177,tome,True,False,
entry-00178,tome,True,False,
entry-00179,tome,True,False,
entry-00180,tome,True,False,
entry-00181,tome,True,False,
entry-00182,tome,True,False,
entry-00183,tome,True,False,
entry-00184,tome,True,True,unmapped_observation;source_local_parsing_pending;pending_fact_or_source;reported_observation_not_claim_mapped
entry-00185,tome,True,True,unmapped_observation;source_local_parsing_pending;reported_observation_not_claim_mapped
entry-00186,tome,True,False,
entry-00187,tome,True,False,
entry-00188,tome,True,False,
entry-00189,tome,True,False,
entry-00190,tome,True,False,
entry-00191,tome,True,True,unmapped_observation;source_local_parsing_pending;reported_observation_not_claim_mapped
entry-00192,tome,True,False,
entry-00193,tome,True,False,
entry-00194,tome,True,False,
entry-00195,tome,True,True,unmapped_observation;source_local_parsing_pending;reported_observation_not_claim_mapped
entry-00196,tome,True,False,
entry-00197,tome,True,False,
entry-00198,tome,True,True,unmapped_observation;source_local_parsing_pending;pending_fact_or_source;reported_observation_not_claim_mapped
entry-00199,tome,True,False,
entry-00200,tome,True,False,
entry-00201,tome,True,False,
entry-00202,tome,True,False,
entry-00203,tome,True,False,unmapped_observation;source_local_parsing_pending
entry-00204,tome,True,False,
entry-00205,tome,True,False,
entry-00206,tome,True,False,
entry-00207,tome,True,False,
entry-00208,tome,True,False,
entry-00209,tome,True,False,
entry-00210,tome,True,False,
entry-00211,tome,True,False,
entry-00212,tome,True,False,
entry-00213,tome,True,False,
entry-00214,tome,True,False,
entry-00215,tome,True,False,
entry-00216,tome,True,True,unmapped_observation;source_local_parsing_pending;reported_observation_not_claim_mapped
entry-00217,tome,True,False,
entry-00218,tome,True,False,
entry-00219,tome,True,False,
entry-00220,tome,True,False,
entry-00221,tome,True,True,unmapped_observation;source_local_parsing_pending;reported_observation_not_claim_mapped
entry-00222,tome,True,False,
entry-00223,tome,True,True,unmapped_observation;source_local_parsing_pending;reported_observation_not_claim_mapped
entry-00224,tome,True,False,
entry-00225,tome,True,False,
entry-00226,tome,True,True,unmapped_observation;source_local_parsing_pending;reported_observation_not_claim_mapped
entry-00227,tome,True,False,
entry-00228,tome,True,False,
entry-00229,tome,True,False,
entry-00230,tome,True,False,
entry-00231,tome,True,True,unmapped_observation;source_local_parsing_pending;pending_fact_or_source;reported_observation_not_claim_mapped
entry-00232,tome,True,False,
entry-00233,tome,True,False,
entry-00234,tome,True,False,
entry-00235,tome,True,False,
entry-00236,tome,True,False,
entry-00237,tome,True,False,
entry-00238,tome,True,False,
entry-00239,tome,True,False,
entry-00240,tome,True,False,unmapped_observation;pending_fact_or_source;reported_observation_not_claim_mapped;reported_suspicion_not_cross_reviewed
entry-00241,tome,True,False,
entry-00242,tome,True,False,
entry-00243,tome,True,False,
entry-00244,tome,True,True,unmapped_observation;reported_observation_not_claim_mapped
entry-00245,tome,True,False,
entry-00246,tome,True,False,
entry-00247,tome,True,True,unmapped_observation;reported_observation_not_claim_mapped
entry-00248,tome,True,False,
entry-00249,tome,True,False,
entry-00250,tome,True,False,
entry-00251,tome,True,False,
entry-00252,tome,True,False,
entry-00253,tome,True,False,
entry-00254,tome,True,True,unmapped_observation;reported_observation_not_claim_mapped
entry-00255,tome,True,False,
entry-00256,tome,True,False,
entry-00257,tome,True,False,
entry-00258,tome,True,False,
entry-00259,tome,True,False,
entry-00260,tome,True,False,
entry-00261,tome,True,False,
entry-00262,tome,True,False,
entry-00263,tome,True,False,
entry-00264,tome,True,False,
entry-00265,tome,True,False,
entry-00266,tome,True,False,
entry-00267,tome,True,False,
entry-00268,tome,True,False,
entry-00269,tome,True,False,
entry-00270,tome,True,False,
entry-00271,tome,True,False,
entry-00272,tome,True,False,
entry-00273,tome,True,False,
entry-00274,tome,True,False,
entry-00275,tome,True,False,
entry-00276,tome,True,False,
entry-00277,tome,True,False,
entry-00278,tome,True,False,
entry-00279,tome,True,False,
entry-00280,tome,True,False,unmapped_observation;reported_observation_not_claim_mapped;reported_suspicion_not_cross_reviewed
entry-00281,tome,True,False,unmapped_observation;source_local_parsing_pending
entry-00282,tome,True,False,
entry-00283,tome,True,False,
entry-00284,tome,True,True,unmapped_observation;reported_observation_not_claim_mapped
entry-00285,tome,True,False,
entry-00286,tome,True,True,unmapped_observation;reported_observation_not_claim_mapped
entry-00287,tome,True,False,
entry-00288,tome,True,True,unmapped_observation;source_local_parsing_pending;pending_fact_or_source;reported_observation_not_claim_mapped
entry-00289,tome,True,False,
entry-00290,tome,True,False,
entry-00291,tome,True,False,
entry-00292,tome,True,False,
entry-00293,tome,True,False,
entry-00294,tome,True,False,
entry-00295,tome,True,False,
entry-00296,tome,True,False,
entry-00297,tome,True,False,
entry-00298,tome,True,True,unmapped_observation;source_local_parsing_pending;pending_fact_or_source;reported_observation_not_claim_mapped
entry-00299,tome,True,True,unmapped_observation;reported_observation_not_claim_mapped
entry-00300,tome,True,False,
entry-00301,tome,True,False,
entry-00302,tome,True,False,
entry-00303,tome,True,False,
entry-00304,tome,True,False,
entry-00305,tome,True,False,
entry-00306,tome,True,False,
entry-00307,tome,True,False,
entry-00308,tome,True,False,
entry-00309,tome,True,False,
entry-00310,tome,True,False,
entry-00311,tome,True,False,
entry-00312,tome,True,False,
entry-00313,tome,True,False,
entry-00314,tome,True,False,
entry-00315,tome,True,False,
entry-00316,tome,True,False,
entry-00317,tome,True,False,
entry-00318,tome,True,True,unmapped_observation;source_local_parsing_pending;pending_fact_or_source;reported_observation_not_claim_mapped
entry-00319,tome,True,False,
entry-00320,tome,True,False,
entry-00321,tome,True,False,
entry-00322,tome,True,False,
entry-00323,tome,True,False,
entry-00324,tome,True,False,
entry-00325,tome,True,False,
entry-00326,tome,True,False,
entry-00327,tome,True,False,
entry-00328,tome,True,False,
entry-00329,tome,True,False,
entry-00330,tome,True,False,
entry-00331,tome,True,False,
entry-00332,tome,True,False,
entry-00333,tome,True,False,
entry-00334,tome,True,True,unmapped_observation;reported_observation_not_claim_mapped
entry-00335,tome,True,False,
entry-00336,tome,True,False,
entry-00337,tome,True,False,
entry-00338,tome,True,False,
entry-00339,tome,True,False,
entry-00340,tome,True,False,
entry-00341,tome,True,False,
entry-00342,tome,True,False,
entry-00343,tome,True,False,
entry-00344,tome,True,True,unmapped_observation;pending_fact_or_source;reported_observation_not_claim_mapped
entry-00345,tome,True,True,unmapped_observation;source_local_parsing_pending;reported_observation_not_claim_mapped
entry-00346,tome,True,False,
entry-00347,tome,True,False,
entry-00348,tome,True,False,
entry-00349,tome,True,False,
entry-00350,tome,True,False,
entry-00351,tome,True,False,
entry-00352,tome,True,False,
entry-00353,tome,True,False,
entry-00354,tome,True,True,unmapped_observation;reported_observation_not_claim_mapped
entry-00355,tome,True,False,
entry-00356,tome,True,False,
entry-00357,tome,True,False,
entry-00358,tome,True,False,
entry-00359,tome,True,False,
entry-00360,tome,True,False,unmapped_observation;source_local_parsing_pending;pending_fact_or_source;reported_observation_not_claim_mapped;reported_suspicion_not_cross_reviewed
entry-00361,tome,True,False,
entry-00362,tome,True,False,
entry-00363,tome,True,False,
entry-00364,tome,True,False,
entry-00365,tome,True,False,
entry-00366,tome,True,False,
entry-00367,tome,True,False,
entry-00368,tome,True,True,unmapped_observation;reported_observation_not_claim_mapped
entry-00369,tome,True,False,
entry-00370,tome,True,False,
entry-00371,tome,True,False,
entry-00372,tome,True,False,
entry-00373,tome,True,True,unmapped_observation;reported_observation_not_claim_mapped
entry-00374,tome,True,True,unmapped_observation;pending_fact_or_source;reported_observation_not_claim_mapped
entry-00375,tome,True,False,
entry-00376,tome,True,False,
entry-00377,tome,True,False,
entry-00378,tome,True,False,
entry-00379,tome,True,False,
entry-00380,tome,True,False,
entry-00381,tome,True,False,
entry-00382,tome,True,False,
entry-00383,tome,True,False,
entry-00384,tome,True,False,
entry-00385,tome,True,False,
entry-00386,tome,True,False,
entry-00387,tome,True,False,
entry-00388,tome,True,False,
entry-00389,tome,True,False,
entry-00390,tome,True,False,
entry-00391,tome,True,False,
entry-00392,tome,True,False,
entry-00393,tome,True,True,unmapped_observation;reported_observation_not_claim_mapped
entry-00394,tome,True,True,unmapped_observation;reported_observation_not_claim_mapped
entry-00395,tome,True,True,unmapped_observation;reported_observation_not_claim_mapped
entry-00396,tome,True,True,unmapped_observation;reported_observation_not_claim_mapped
entry-00397,tome,True,True,unmapped_observation;reported_observation_not_claim_mapped
entry-00398,tome,True,True,unmapped_observation;reported_observation_not_claim_mapped
entry-00399,tome,True,True,unmapped_observation;reported_observation_not_claim_mapped
entry-00400,tome,True,True,unmapped_observation;reported_observation_not_claim_mapped
entry-00401,tome,True,False,unmapped_observation;source_local_parsing_pending
entry-00402,tome,True,False,
entry-00403,tome,True,False,
entry-00404,tome,True,False,
entry-00405,tome,True,False,
entry-00406,tome,True,False,
entry-00407,tome,True,False,
entry-00408,tome,True,False,
entry-00409,tome,True,False,
entry-00410,tome,True,False,
entry-00411,tome,True,False,
entry-00412,tome,True,False,
entry-00413,tome,True,False,
entry-00414,tome,True,False,
entry-00415,tome,True,False,
entry-00416,tome,True,False,
entry-00417,tome,True,False,
entry-00418,tome,True,False,
entry-00419,tome,True,True,unmapped_observation;reported_observation_not_claim_mapped
entry-00420,tome,True,False,
entry-00421,tome,True,False,
entry-00422,tome,True,False,
entry-00423,tome,True,True,unmapped_observation;pending_fact_or_source;reported_observation_not_claim_mapped
entry-00424,tome,True,False,
entry-00425,tome,True,False,
entry-00426,tome,True,False,
entry-00427,tome,True,False,
entry-00428,tome,True,True,unmapped_observation;reported_observation_not_claim_mapped
entry-00429,tome,True,True,unmapped_observation;pending_fact_or_source;reported_observation_not_claim_mapped
entry-00430,tome,True,False,
entry-00431,tome,True,False,
entry-00432,tome,True,False,
entry-00433,tome,True,False,
entry-00434,tome,True,True,unmapped_observation;source_local_parsing_pending;reported_observation_not_claim_mapped
entry-00435,tome,True,False,
entry-00436,tome,True,False,
entry-00437,tome,True,False,
entry-00438,tome,True,False,
entry-00439,tome,True,False,
entry-00440,tome,True,False,unmapped_observation;source_local_parsing_pending
entry-00441,tome,True,False,unmapped_observation;source_local_parsing_pending
entry-00442,tome,True,False,
entry-00443,tome,True,True,unmapped_observation;source_local_parsing_pending;pending_fact_or_source;reported_observation_not_claim_mapped
entry-00444,tome,True,False,
entry-00445,tome,True,False,
entry-00446,tome,True,False,
entry-00447,tome,True,False,
entry-00448,tome,True,True,unmapped_observation;source_local_parsing_pending;reported_observation_not_claim_mapped
entry-00449,tome,True,False,
entry-00450,tome,True,False,
entry-00451,tome,True,False,
entry-00452,tome,True,False,
entry-00453,tome,True,False,
entry-00454,tome,True,False,
entry-00455,tome,True,True,unmapped_observation;source_local_parsing_pending;reported_observation_not_claim_mapped
entry-00456,tome,True,False,
entry-00457,tome,True,False,
entry-00458,tome,True,True,unmapped_observation;source_local_parsing_pending;pending_fact_or_source;reported_observation_not_claim_mapped
entry-00459,tome,True,False,
entry-00460,tome,True,False,
entry-00461,tome,True,False,
entry-00462,tome,True,False,
entry-00463,tome,True,False,
entry-00464,tome,True,False,
entry-00465,tome,True,False,
entry-00466,tome,True,False,
entry-00467,tome,True,False,
entry-00468,tome,True,False,
entry-00469,tome,True,False,
entry-00470,tome,True,False,
entry-00471,tome,True,False,
entry-00472,tome,True,False,
entry-00473,tome,True,False,
entry-00474,tome,True,False,
entry-00475,tome,True,False,
entry-00476,tome,True,True,unmapped_observation;source_local_parsing_pending;reported_observation_not_claim_mapped
entry-00477,tome,True,False,
entry-00478,tome,True,False,
entry-00479,tome,True,False,
entry-00480,tome,True,False,
entry-00481,tome,True,False,
entry-00482,tome,True,False,
entry-00483,tome,True,False,
entry-00484,tome,True,False,
entry-00485,tome,True,False,
entry-00486,tome,True,True,unmapped_observation;source_local_parsing_pending;reported_observation_not_claim_mapped
entry-00487,tome,True,False,
entry-00488,tome,True,False,
entry-00489,tome,True,True,unmapped_observation;source_local_parsing_pending;reported_observation_not_claim_mapped
entry-00490,tome,True,False,
entry-00491,tome,True,False,
entry-00492,tome,True,True,unmapped_observation;source_local_parsing_pending;pending_fact_or_source;reported_observation_not_claim_mapped
entry-00493,tome,True,False,
entry-00494,tome,True,False,
entry-00495,tome,True,False,
entry-00496,tome,True,False,
entry-00497,tome,True,False,
entry-00498,tome,True,False,
entry-00499,tome,True,False,
entry-00500,tome,True,True,unmapped_observation;source_local_parsing_pending;pending_fact_or_source;reported_observation_not_claim_mapped
entry-00501,tome,True,True,unmapped_observation;source_local_parsing_pending;reported_observation_not_claim_mapped
entry-00502,tome,True,False,
entry-00503,tome,True,False,
entry-00504,tome,True,False,
entry-00505,tome,True,False,
entry-00506,tome,True,False,
entry-00507,tome,True,False,
entry-00508,tome,True,False,
entry-00509,tome,True,False,
entry-00510,tome,True,False,
entry-00511,tome,True,False,
entry-00512,tome,True,False,
entry-00513,tome,True,False,
entry-00514,tome,True,False,
entry-00515,tome,True,False,
entry-00516,tome,True,False,
entry-00517,tome,True,False,
entry-00518,tome,True,False,
entry-00519,tome,True,False,
entry-00520,tome,True,False,unmapped_observation;source_local_parsing_pending
entry-00521,tome,True,False,
entry-00522,tome,True,True,unmapped_observation;reported_observation_not_claim_mapped
entry-00523,tome,True,False,
entry-00524,tome,True,False,
entry-00525,tome,True,False,
entry-00526,tome,True,False,
entry-00527,tome,True,True,unmapped_observation;reported_observation_not_claim_mapped
entry-00528,tome,True,False,
entry-00529,tome,True,False,
entry-00530,tome,True,False,
entry-00531,tome,True,False,
entry-00532,tome,True,False,
entry-00533,tome,True,False,
entry-00534,tome,True,False,
entry-00535,tome,True,False,
entry-00536,tome,True,False,
entry-00537,tome,True,False,
entry-00538,tome,True,False,
entry-00539,tome,True,False,
entry-00540,tome,True,False,
entry-00541,tome,True,False,
entry-00542,tome,True,False,
entry-00543,tome,True,False,
entry-00544,tome,True,False,
entry-00545,tome,True,False,
entry-00546,tome,True,False,
entry-00547,tome,True,False,
entry-00548,tome,True,False,
entry-00549,tome,True,False,
entry-00550,tome,True,False,
entry-00551,tome,True,False,
entry-00552,tome,True,False,
entry-00553,tome,True,True,unmapped_observation;pending_fact_or_source;reported_observation_not_claim_mapped
entry-00554,tome,True,False,
entry-00555,tome,True,False,
entry-00556,tome,True,False,
entry-00557,tome,True,False,
entry-00558,tome,True,False,
entry-00559,tome,True,False,
entry-00560,tome,True,True,unmapped_observation;pending_fact_or_source;reported_observation_not_claim_mapped
entry-00561,tome,True,False,
entry-00562,tome,True,False,
entry-00563,tome,True,False,
entry-00564,tome,True,False,
entry-00565,tome,True,False,
entry-00566,tome,True,False,
entry-00567,tome,True,False,
entry-00568,tome,True,False,
entry-00569,tome,True,False,
entry-00570,tome,True,True,unmapped_observation;pending_fact_or_source;reported_observation_not_claim_mapped
entry-00571,tome,True,False,
entry-00572,tome,True,False,
entry-00573,tome,True,False,
entry-00574,tome,True,True,unmapped_observation;reported_observation_not_claim_mapped
entry-00575,tome,True,False,
entry-00576,tome,True,False,
entry-00577,tome,True,False,
entry-00578,tome,True,False,
entry-00579,tome,True,True,unmapped_observation;reported_observation_not_claim_mapped
entry-00580,tome,True,False,
entry-00581,tome,True,True,unmapped_observation;reported_observation_not_claim_mapped
entry-00582,tome,True,False,
entry-00583,tome,True,False,
entry-00584,tome,True,False,
entry-00585,tome,True,False,
entry-00586,tome,True,False,
entry-00587,tome,True,False,
entry-00588,tome,True,False,
entry-00589,tome,True,False,
entry-00590,tome,True,False,
entry-00591,tome,True,False,
entry-00592,tome,True,False,
entry-00593,tome,True,False,
entry-00594,tome,True,False,
entry-00595,tome,True,False,
entry-00596,tome,True,False,
entry-00597,tome,True,False,
entry-00598,tome,True,False,
entry-00599,tome,True,False,
entry-00600,tome,True,False,unmapped_observation;source_local_parsing_pending
entry-00601,tome,True,False,
entry-00602,tome,True,False,
entry-00603,tome,True,False,
entry-00604,tome,True,True,unmapped_observation;reported_observation_not_claim_mapped
entry-00605,tome,True,True,unmapped_observation;reported_observation_not_claim_mapped
entry-00606,tome,True,False,
entry-00607,tome,True,False,
entry-00608,tome,True,False,
entry-00609,tome,True,False,
entry-00610,tome,True,False,
entry-00611,tome,True,False,
entry-00612,tome,True,False,
entry-00613,tome,True,False,
entry-00614,tome,True,False,
entry-00615,tome,True,True,unmapped_observation;reported_observation_not_claim_mapped
entry-00616,tome,True,False,
entry-00617,tome,True,False,
entry-00618,tome,True,False,
entry-00619,tome,True,False,
entry-00620,tome,True,True,unmapped_observation;source_local_parsing_pending;reported_observation_not_claim_mapped
entry-00621,tome,True,True,unmapped_observation;reported_observation_not_claim_mapped
entry-00622,tome,True,False,
entry-00623,tome,True,True,unmapped_observation;source_local_parsing_pending;pending_fact_or_source;reported_observation_not_claim_mapped
entry-00624,tome,True,False,
entry-00625,tome,True,False,
entry-00626,tome,True,False,
entry-00627,tome,True,False,
entry-00628,tome,True,False,
entry-00629,tome,True,False,
entry-00630,tome,True,False,
entry-00631,tome,True,False,
entry-00632,tome,True,False,
entry-00633,tome,True,False,
entry-00634,tome,True,True,unmapped_observation;source_local_parsing_pending;pending_fact_or_source;reported_observation_not_claim_mapped
entry-00635,tome,True,False,
entry-00636,tome,True,False,
entry-00637,tome,True,False,
entry-00638,tome,True,False,
entry-00639,tome,True,False,
entry-00640,tome,True,False,unmapped_observation;source_local_parsing_pending
entry-00641,tome,True,False,unmapped_observation;source_local_parsing_pending
entry-00642,tome,True,False,
entry-00643,tome,True,False,
entry-00644,tome,True,True,unmapped_observation;reported_observation_not_claim_mapped
entry-00645,tome,True,False,
entry-00646,tome,True,True,unmapped_observation;source_local_parsing_pending;pending_fact_or_source;reported_observation_not_claim_mapped
entry-00647,tome,True,True,unmapped_observation;source_local_parsing_pending;reported_observation_not_claim_mapped
entry-00648,tome,True,False,
entry-00649,tome,True,False,
entry-00650,tome,True,True,unmapped_observation;source_local_parsing_pending;pending_fact_or_source;reported_observation_not_claim_mapped
entry-00651,tome,True,False,
entry-00652,tome,True,True,unmapped_observation;pending_fact_or_source;reported_observation_not_claim_mapped
entry-00653,tome,True,True,unmapped_observation;source_local_parsing_pending;pending_fact_or_source;reported_observation_not_claim_mapped
entry-00654,tome,True,False,
entry-00655,tome,True,False,
entry-00656,tome,True,False,
entry-00657,tome,True,True,unmapped_observation;reported_observation_not_claim_mapped
entry-00658,tome,True,False,
entry-00659,tome,True,False,
entry-00660,tome,True,True,unmapped_observation;source_local_parsing_pending;pending_fact_or_source;reported_observation_not_claim_mapped
entry-00661,tome,True,False,
entry-00662,tome,True,False,
entry-00663,tome,True,False,
entry-00664,tome,True,False,
entry-00665,tome,True,False,
entry-00666,tome,True,False,
entry-00667,tome,True,False,
entry-00668,tome,True,False,
entry-00669,tome,True,False,
entry-00670,tome,True,False,
entry-00671,tome,True,False,
entry-00672,tome,True,False,
entry-00673,tome,True,False,
entry-00674,tome,True,False,
entry-00675,tome,True,False,
entry-00676,tome,True,False,
entry-00677,tome,True,False,
entry-00678,tome,True,False,
entry-00679,tome,True,False,
entry-00680,tome,True,False,unmapped_observation;pending_fact_or_source;reported_observation_not_claim_mapped;reported_suspicion_not_cross_reviewed
entry-00681,tome,True,False,
entry-00682,tome,True,False,
entry-00683,tome,True,True,unmapped_observation;source_local_parsing_pending;pending_fact_or_source;reported_observation_not_claim_mapped
entry-00684,tome,True,True,unmapped_observation;source_local_parsing_pending;reported_observation_not_claim_mapped
entry-00685,tome,True,False,
entry-00686,tome,True,False,
entry-00687,tome,True,False,
entry-00688,tome,True,False,
entry-00689,tome,True,False,
entry-00690,tome,True,False,
entry-00691,tome,True,False,
entry-00692,tome,True,False,
entry-00693,tome,True,False,
entry-00694,tome,True,False,
entry-00695,tome,True,False,
entry-00696,tome,True,False,
entry-00697,tome,True,False,
entry-00698,tome,True,False,
entry-00699,tome,True,False,
entry-00700,tome,True,False,
entry-00701,tome,True,False,
entry-00702,tome,True,False,
entry-00703,tome,True,False,
entry-00704,tome,True,False,
entry-00705,tome,True,False,
entry-00706,tome,True,False,
entry-00707,tome,True,False,
entry-00708,tome,True,False,
entry-00709,tome,True,False,
entry-00710,tome,True,False,
entry-00711,tome,True,False,
entry-00712,tome,True,True,unmapped_observation;source_local_parsing_pending;reported_observation_not_claim_mapped
entry-00713,tome,True,True,unmapped_observation;source_local_parsing_pending;reported_observation_not_claim_mapped
entry-00714,tome,True,False,
entry-00715,tome,True,False,
entry-00716,tome,True,False,
entry-00717,tome,True,False,
entry-00718,tome,True,False,
entry-00719,tome,True,True,unmapped_observation;source_local_parsing_pending;pending_fact_or_source;reported_observation_not_claim_mapped
entry-00720,tome,True,False,
entry-00721,tome,True,False,unmapped_observation;source_local_parsing_pending
entry-00722,tome,True,True,unmapped_observation;source_local_parsing_pending;pending_fact_or_source;reported_observation_not_claim_mapped
entry-00723,tome,True,True,unmapped_observation;source_local_parsing_pending;reported_observation_not_claim_mapped
entry-00724,tome,True,False,
entry-00725,tome,True,False,
entry-00726,tome,True,False,
entry-00727,tome,True,False,
entry-00728,tome,True,True,unmapped_observation;source_local_parsing_pending;pending_fact_or_source;reported_observation_not_claim_mapped
entry-00729,tome,True,False,
entry-00730,tome,True,True,unmapped_observation;source_local_parsing_pending;pending_fact_or_source;reported_observation_not_claim_mapped
entry-00731,tome,True,True,unmapped_observation;source_local_parsing_pending;pending_fact_or_source;reported_observation_not_claim_mapped
entry-00732,tome,True,False,
entry-00733,tome,True,True,unmapped_observation;source_local_parsing_pending;pending_fact_or_source;reported_observation_not_claim_mapped
entry-00734,tome,True,False,
entry-00735,tome,True,False,
entry-00736,tome,True,False,
entry-00737,tome,True,False,
entry-00738,tome,True,False,
entry-00739,tome,True,False,
entry-00740,tome,True,True,unmapped_observation;source_local_parsing_pending;pending_fact_or_source;reported_observation_not_claim_mapped
entry-00741,tome,True,False,
entry-00742,tome,True,False,
entry-00743,tome,True,False,
entry-00744,tome,True,False,
entry-00745,tome,True,False,
entry-00746,tome,True,True,unmapped_observation;source_local_parsing_pending;pending_fact_or_source;reported_observation_not_claim_mapped
entry-00747,tome,True,False,
entry-00748,tome,True,False,
entry-00749,tome,True,False,
entry-00750,tome,True,False,
entry-00751,tome,True,False,
entry-00752,tome,True,True,unmapped_observation;source_local_parsing_pending;pending_fact_or_source;reported_observation_not_claim_mapped
entry-00753,tome,True,False,
entry-00754,tome,True,False,
entry-00755,tome,True,False,
entry-00756,tome,True,False,
entry-00757,tome,True,False,
entry-00758,tome,True,False,
entry-00759,tome,True,False,
entry-00760,tome,True,False,unmapped_observation;pending_fact_or_source;reported_observation_not_claim_mapped;reported_suspicion_not_cross_reviewed
entry-00761,tome,True,False,
entry-00762,tome,True,False,
entry-00763,tome,True,True,unmapped_observation;source_local_parsing_pending;pending_fact_or_source;reported_observation_not_claim_mapped
entry-00764,tome,True,False,
entry-00765,tome,True,False,
entry-00766,tome,True,False,
entry-00767,tome,True,False,
entry-00768,tome,True,True,unmapped_observation;source_local_parsing_pending;reported_observation_not_claim_mapped
entry-00769,tome,True,False,
entry-00770,tome,True,False,
entry-00771,tome,True,False,
entry-00772,tome,True,False,
entry-00773,tome,True,False,
entry-00774,tome,True,False,
entry-00775,tome,True,False,
entry-00776,tome,True,False,
entry-00777,tome,True,False,
entry-00778,tome,True,False,
entry-00779,tome,True,False,
entry-00780,tome,True,True,unmapped_observation;source_local_parsing_pending;reported_observation_not_claim_mapped
entry-00781,tome,True,True,unmapped_observation;source_local_parsing_pending;pending_fact_or_source;reported_observation_not_claim_mapped
entry-00782,tome,True,False,
entry-00783,tome,True,False,
entry-00784,tome,True,False,
entry-00785,tome,True,False,
entry-00786,tome,True,False,
entry-00787,tome,True,False,
entry-00788,tome,True,False,
entry-00789,tome,True,False,
entry-00790,tome,True,False,
entry-00791,tome,True,False,
entry-00792,tome,True,False,
entry-00793,tome,True,False,
entry-00794,tome,True,False,
entry-00795,tome,True,False,
entry-00796,tome,True,False,
entry-00797,tome,True,False,
entry-00798,tome,True,False,
entry-00799,tome,True,False,
entry-00800,tome,True,False,unmapped_observation;pending_fact_or_source;reported_observation_not_claim_mapped;reported_suspicion_not_cross_reviewed
entry-00801,tome,True,False,
entry-00802,tome,True,False,
entry-00803,tome,True,False,
entry-00804,tome,True,True,unmapped_observation;pending_fact_or_source;reported_observation_not_claim_mapped
entry-00805,tome,True,True,unmapped_observation;pending_fact_or_source;reported_observation_not_claim_mapped
entry-00806,tome,True,False,
entry-00807,tome,True,False,
entry-00808,tome,True,False,
entry-00809,tome,True,False,
entry-00810,tome,True,False,
entry-00811,tome,True,False,
entry-00812,tome,True,False,
entry-00813,tome,True,False,
entry-00814,tome,True,False,
entry-00815,tome,True,False,
entry-00816,tome,True,False,
entry-00817,tome,True,False,
entry-00818,tome,True,False,
entry-00819,tome,True,False,
entry-00820,tome,True,True,unmapped_observation;source_local_parsing_pending;pending_fact_or_source;reported_observation_not_claim_mapped
entry-00821,tome,True,False,
entry-00822,tome,True,False,
entry-00823,tome,True,False,
entry-00824,tome,True,False,
entry-00825,tome,True,False,
entry-00826,tome,True,False,
entry-00827,tome,True,False,
entry-00828,tome,True,False,
entry-00829,tome,True,False,
entry-00830,tome,True,False,
entry-00831,tome,True,False,
entry-00832,tome,True,False,
entry-00833,tome,True,False,
entry-00834,tome,True,False,
entry-00835,tome,True,False,
entry-00836,tome,True,False,
entry-00837,tome,True,False,
entry-00838,tome,True,False,
entry-00839,tome,True,False,
entry-00840,tome,True,True,unmapped_observation;source_local_parsing_pending;pending_fact_or_source;reported_observation_not_claim_mapped
entry-00841,tome,True,False,
entry-00842,tome,True,False,
entry-00843,tome,True,True,unmapped_observation;reported_observation_not_claim_mapped
entry-00844,tome,True,False,
entry-00845,tome,True,False,
entry-00846,tome,True,False,
entry-00847,tome,True,False,
entry-00848,tome,True,False,
entry-00849,tome,True,False,
entry-00850,tome,True,False,
entry-00851,tome,True,False,
entry-00852,tome,True,True,unmapped_observation;reported_observation_not_claim_mapped
entry-00853,tome,True,False,
entry-00854,tome,True,False,
entry-00855,tome,True,False,
entry-00856,tome,True,False,
entry-00857,tome,True,False,
entry-00858,tome,True,False,
entry-00859,tome,True,False,
entry-00860,tome,True,False,
entry-00861,tome,True,False,
entry-00862,tome,True,False,
entry-00863,tome,True,False,
entry-00864,tome,True,False,
entry-00865,tome,True,False,
entry-00866,tome,True,True,unmapped_observation;reported_observation_not_claim_mapped
entry-00867,tome,True,False,
entry-00868,tome,True,False,
entry-00869,tome,True,False,
entry-00870,tome,True,False,
entry-00871,tome,True,False,
entry-00872,tome,True,False,
entry-00873,tome,True,True,unmapped_observation;reported_observation_not_claim_mapped
entry-00874,tome,True,False,
entry-00875,tome,True,False,
entry-00876,tome,True,False,
entry-00877,tome,True,False,
entry-00878,tome,True,False,
entry-00879,tome,True,False,
entry-00880,tome,True,False,
entry-00881,tome,True,True,unmapped_observation;source_local_parsing_pending;reported_observation_not_claim_mapped
entry-00882,tome,True,False,
entry-00883,tome,True,False,
entry-00884,tome,True,False,
entry-00885,tome,True,False,
entry-00886,tome,True,False,
entry-00887,tome,True,False,
entry-00888,tome,True,False,
entry-00889,tome,True,False,
entry-00890,tome,True,False,
entry-00891,tome,True,False,
entry-00892,tome,True,False,
entry-00893,tome,True,False,
entry-00894,tome,True,False,
entry-00895,tome,True,False,
entry-00896,tome,True,False,
entry-00897,tome,True,False,
entry-00898,tome,True,False,
entry-00899,tome,True,True,unmapped_observation;source_local_parsing_pending;reported_observation_not_claim_mapped
entry-00900,tome,True,False,
entry-00901,tome,True,False,
entry-00902,tome,True,False,
entry-00903,tome,True,False,
entry-00904,tome,True,False,
entry-00905,tome,True,False,
entry-00906,tome,True,False,
entry-00907,tome,True,False,
entry-00908,tome,True,False,
entry-00909,tome,True,False,
entry-00910,tome,True,False,
entry-00911,tome,True,False,
entry-00912,tome,True,False,
entry-00913,tome,True,False,
entry-00914,tome,True,True,unmapped_observation;source_local_parsing_pending;pending_fact_or_source;reported_observation_not_claim_mapped
entry-00915,tome,True,False,
entry-00916,tome,True,False,
entry-00917,tome,True,False,
entry-00918,tome,True,True,unmapped_observation;source_local_parsing_pending;reported_observation_not_claim_mapped
entry-00919,tome,True,False,
entry-00920,tome,True,False,
entry-00921,tome,True,False,unmapped_observation;source_local_parsing_pending
entry-00922,tome,True,False,
entry-00923,tome,True,False,
entry-00924,tome,True,False,
entry-00925,tome,True,False,
entry-00926,tome,True,False,
entry-00927,tome,True,False,
entry-00928,tome,True,False,
entry-00929,tome,True,False,
entry-00930,tome,True,False,
entry-00931,tome,True,False,
entry-00932,tome,True,False,
entry-00933,tome,True,False,
entry-00934,tome,True,False,
entry-00935,tome,True,False,
entry-00936,tome,True,False,
entry-00937,tome,True,False,
entry-00938,tome,True,False,
entry-00939,tome,True,False,
entry-00940,tome,True,False,
entry-00941,tome,True,False,
entry-00942,tome,True,False,
entry-00943,tome,True,False,
entry-00944,tome,True,False,
entry-00945,tome,True,False,
entry-00946,tome,True,False,
entry-00947,tome,True,False,
entry-00948,tome,True,False,unmapped_observation;reported_observation_not_claim_mapped;reported_suspicion_not_cross_reviewed
entry-00949,tome,True,False,
entry-00950,tome,True,False,
entry-00951,tome,True,False,
entry-00952,tome,True,False,
entry-00953,tome,True,False,
entry-00954,tome,True,False,
entry-00955,tome,True,False,
entry-00956,tome,True,False,
entry-00957,tome,True,False,
entry-00958,tome,True,False,unmapped_observation;source_local_parsing_pending
entry-00959,tome,True,False,
entry-00960,tome,True,False,
entry-00961,tome,True,False,
entry-00962,tome,True,False,
entry-00963,tome,True,False,
entry-00964,tome,True,False,
entry-00965,tome,True,False,
entry-00966,tome,True,False,
entry-00967,tome,True,False,
entry-00968,tome,True,False,
entry-00969,tome,True,False,
entry-00970,tome,True,False,
entry-00971,tome,True,False,
entry-00972,tome,True,True,unmapped_observation;source_local_parsing_pending;pending_fact_or_source;reported_observation_not_claim_mapped
entry-00973,tome,True,False,
entry-00974,tome,True,False,
entry-00975,tome,True,False,
entry-00976,tome,True,False,
entry-00977,tome,True,False,
entry-00978,tome,True,False,
entry-00979,tome,True,False,
entry-00980,tome,True,True,unmapped_observation;source_local_parsing_pending;reported_observation_not_claim_mapped
entry-00981,tome,True,False,
entry-00982,tome,True,False,
entry-00983,tome,True,False,
entry-00984,tome,True,True,unmapped_observation;source_local_parsing_pending;pending_fact_or_source;reported_observation_not_claim_mapped
entry-00985,tome,True,False,
entry-00986,tome,True,False,
entry-00987,tome,True,False,
entry-00988,tome,True,False,
entry-00989,tome,True,False,
entry-00990,tome,True,False,
entry-00991,tome,True,False,
entry-00992,tome,True,True,unmapped_observation;source_local_parsing_pending;pending_fact_or_source;reported_observation_not_claim_mapped
entry-00993,tome,True,False,
entry-00994,tome,True,False,
entry-00995,tome,True,False,
entry-00996,tome,True,False,
entry-00997,tome,True,True,unmapped_observation;source_local_parsing_pending;reported_observation_not_claim_mapped
entry-00998,tome,True,False,
entry-00999,tome,True,False,
entry-01000,tome,True,True,unmapped_observation;source_local_parsing_pending;reported_observation_not_claim_mapped
entry-01001,tome,True,True,unmapped_observation;source_local_parsing_pending;pending_fact_or_source;reported_observation_not_claim_mapped
entry-01002,tome,True,True,unmapped_observation;source_local_parsing_pending;reported_observation_not_claim_mapped
entry-01003,tome,True,False,
entry-01004,tome,True,False,
entry-01005,tome,True,False,
entry-01006,tome,True,False,
entry-01007,tome,True,False,
entry-01008,tome,True,False,
entry-01009,tome,True,False,
entry-01010,tome,True,False,
entry-01011,tome,True,False,
entry-01012,tome,True,False,
entry-01013,tome,True,False,
entry-01014,tome,True,False,
entry-01015,tome,True,False,
entry-01016,tome,True,False,
entry-01017,tome,True,False,
entry-01018,tome,True,False,
entry-01019,tome,True,False,
entry-01020,tome,True,False,
entry-01021,tome,True,False,
entry-01022,tome,True,False,
entry-01023,tome,True,False,
entry-01024,tome,True,False,
entry-01025,tome,True,False,
entry-01026,tome,True,False,
entry-01027,tome,True,False,
entry-01028,tome,True,False,
entry-01029,tome,True,True,unmapped_observation;source_local_parsing_pending;pending_fact_or_source;reported_observation_not_claim_mapped
entry-01030,tome,True,False,
entry-01031,tome,True,False,
entry-01032,tome,True,True,unmapped_observation;source_local_parsing_pending;pending_fact_or_source;reported_observation_not_claim_mapped
entry-01033,tome,True,False,
entry-01034,tome,True,False,
entry-01035,tome,True,False,
entry-01036,tome,True,False,
entry-01037,tome,True,False,
entry-01038,tome,True,True,unmapped_observation;source_local_parsing_pending;pending_fact_or_source;reported_observation_not_claim_mapped
entry-01039,tome,True,False,
entry-01040,tome,True,False,
entry-01041,tome,True,False,
entry-01042,tome,True,False,
entry-01043,tome,True,False,
entry-01044,tome,True,False,unmapped_observation;source_local_parsing_pending
entry-01045,tome,True,False,
entry-01046,tome,True,False,
entry-01047,tome,True,False,
entry-01048,tome,True,False,
entry-01049,tome,True,False,
entry-01050,tome,True,False,
entry-01051,tome,True,False,
entry-01052,tome,True,False,
entry-01053,tome,True,False,
entry-01054,tome,True,False,
entry-01055,tome,True,False,
entry-01056,tome,True,False,
entry-01057,tome,True,False,
entry-01058,tome,True,False,
entry-01059,tome,True,False,
entry-01060,tome,True,False,
entry-01061,tome,True,False,
entry-01062,tome,True,False,
entry-01063,tome,True,False,
entry-01064,tome,True,False,
entry-01065,tome,True,False,
entry-01066,tome,True,False,
entry-01067,tome,True,False,
entry-01068,tome,True,True,unmapped_observation;source_local_parsing_pending;pending_fact_or_source;reported_observation_not_claim_mapped
entry-01069,tome,True,False,
entry-01070,tome,True,False,
entry-01071,tome,True,False,
entry-01072,tome,True,False,
entry-01073,tome,True,False,
entry-01074,tome,True,True,unmapped_observation;source_local_parsing_pending;reported_observation_not_claim_mapped
entry-01075,tome,True,False,
entry-01076,tome,True,False,
entry-01077,tome,True,False,
entry-01078,tome,True,False,
entry-01079,tome,True,False,
entry-01080,tome,True,False,
entry-01081,tome,True,True,unmapped_observation;source_local_parsing_pending;pending_fact_or_source;reported_observation_not_claim_mapped
entry-01082,tome,True,False,
entry-01083,tome,True,False,
entry-01084,tome,True,False,
entry-01085,tome,True,True,unmapped_observation;source_local_parsing_pending;pending_fact_or_source;reported_observation_not_claim_mapped
entry-01086,tome,True,False,
entry-01087,tome,True,False,
entry-01088,tome,True,False,
entry-01089,tome,True,False,
entry-01090,tome,True,False,
entry-01091,tome,True,False,
entry-01092,tome,True,False,
entry-01093,tome,True,False,
entry-01094,tome,True,False,
entry-01095,tome,True,False,
entry-01096,tome,True,True,unmapped_observation;source_local_parsing_pending;reported_observation_not_claim_mapped
entry-01097,tome,True,False,
entry-01098,tome,True,False,
entry-01099,tome,True,False,
entry-01100,tome,True,False,
entry-01101,tome,True,False,
entry-01102,tome,True,False,
entry-01103,tome,True,False,
entry-01104,tome,True,False,
entry-01105,tome,True,False,
entry-01106,tome,True,False,
entry-01107,tome,True,False,
entry-01108,tome,True,False,
entry-01109,tome,True,False,
entry-01110,tome,True,False,
entry-01111,tome,True,False,
entry-01112,tome,True,False,
entry-01113,tome,True,False,
entry-01114,tome,True,False,
entry-01115,tome,True,False,
entry-01116,tome,True,True,unmapped_observation;source_local_parsing_pending;pending_fact_or_source;reported_observation_not_claim_mapped
entry-01117,tome,True,False,
entry-01118,tome,True,False,
entry-01119,tome,True,False,
entry-01120,tome,True,True,unmapped_observation;source_local_parsing_pending;pending_fact_or_source;reported_observation_not_claim_mapped
entry-01121,tome,True,False,
entry-01122,tome,True,False,
entry-01123,tome,True,False,
entry-01124,tome,True,False,unmapped_observation;source_local_parsing_pending
entry-01125,tome,True,False,
entry-01126,tome,True,False,
entry-01127,tome,True,True,unmapped_observation;reported_observation_not_claim_mapped
entry-01128,tome,True,False,
entry-01129,tome,True,False,
entry-01130,tome,True,False,
entry-01131,tome,True,False,
entry-01132,tome,True,True,unmapped_observation;pending_fact_or_source;reported_observation_not_claim_mapped
entry-01133,tome,True,False,
entry-01134,tome,True,False,
entry-01135,tome,True,False,
entry-01136,tome,True,False,
entry-01137,tome,True,True,unmapped_observation;reported_observation_not_claim_mapped
entry-01138,tome,True,False,
entry-01139,tome,True,False,
entry-01140,tome,True,False,
entry-01141,tome,True,False,
entry-01142,tome,True,False,
entry-01143,tome,True,False,
entry-01144,tome,True,False,
entry-01145,tome,True,True,unmapped_observation;reported_observation_not_claim_mapped
entry-01146,tome,True,False,
entry-01147,tome,True,False,
entry-01148,tome,True,False,
entry-01149,tome,True,True,unmapped_observation;reported_observation_not_claim_mapped
entry-01150,tome,True,False,
entry-01151,tome,True,False,
entry-01152,tome,True,False,
entry-01153,tome,True,False,
entry-01154,tome,True,False,
entry-01155,tome,True,True,unmapped_observation;reported_observation_not_claim_mapped
entry-01156,tome,True,True,unmapped_observation;pending_fact_or_source;reported_observation_not_claim_mapped
entry-01157,tome,True,False,
entry-01158,tome,True,False,
entry-01159,tome,True,False,
entry-01160,tome,True,True,unmapped_observation;reported_observation_not_claim_mapped
entry-01161,tome,True,True,unmapped_observation;reported_observation_not_claim_mapped
entry-01162,tome,True,True,unmapped_observation;pending_fact_or_source;reported_observation_not_claim_mapped
entry-01163,tome,True,True,unmapped_observation;pending_fact_or_source;reported_observation_not_claim_mapped
entry-01164,tome,True,False,
entry-01165,tome,True,False,unmapped_observation;source_local_parsing_pending
entry-01166,tome,True,False,unmapped_observation;source_local_parsing_pending
entry-01167,tome,True,False,unmapped_observation;source_local_parsing_pending
entry-01168,tome,True,False,unmapped_observation;source_local_parsing_pending
entry-01169,tome,True,False,unmapped_observation;source_local_parsing_pending
entry-01170,tome,True,False,unmapped_observation;source_local_parsing_pending
entry-01171,tome,True,False,unmapped_observation;source_local_parsing_pending
entry-01172,tome,True,False,unmapped_observation;source_local_parsing_pending
entry-01173,tome,True,False,unmapped_observation;source_local_parsing_pending
entry-01174,tome,True,False,unmapped_observation;source_local_parsing_pending
entry-01175,tome,True,False,unmapped_observation;source_local_parsing_pending
entry-01176,tome,True,False,unmapped_observation;source_local_parsing_pending
entry-01177,tome,True,False,unmapped_observation;source_local_parsing_pending
entry-01178,tome,True,False,unmapped_observation;source_local_parsing_pending
entry-01179,tome,True,False,unmapped_observation;source_local_parsing_pending
entry-01180,tome,True,False,unmapped_observation;source_local_parsing_pending
entry-01181,tome,True,False,unmapped_observation;source_local_parsing_pending
entry-01182,tome,True,False,unmapped_observation;source_local_parsing_pending
entry-01183,tome,True,True,unmapped_observation;source_local_parsing_pending;reported_observation_not_claim_mapped
entry-01184,tome,True,False,unmapped_observation;source_local_parsing_pending
entry-01185,tome,True,False,unmapped_observation;source_local_parsing_pending
entry-01186,tome,True,False,unmapped_observation;source_local_parsing_pending
entry-01187,tome,True,False,unmapped_observation;source_local_parsing_pending
entry-01188,tome,True,False,unmapped_observation;source_local_parsing_pending
entry-01189,tome,True,False,unmapped_observation;source_local_parsing_pending
entry-01190,tome,True,False,unmapped_observation;source_local_parsing_pending
entry-01191,tome,True,False,unmapped_observation;source_local_parsing_pending
entry-01192,tome,True,False,unmapped_observation;source_local_parsing_pending
entry-01193,tome,True,True,unmapped_observation;source_local_parsing_pending;reported_observation_not_claim_mapped
entry-01194,tome,True,True,unmapped_observation;source_local_parsing_pending;reported_observation_not_claim_mapped
entry-01195,tome,True,False,unmapped_observation;source_local_parsing_pending
entry-01196,tome,True,True,unmapped_observation;source_local_parsing_pending;reported_observation_not_claim_mapped
entry-01197,tome,True,False,unmapped_observation;source_local_parsing_pending
entry-01198,tome,True,True,unmapped_observation;source_local_parsing_pending;reported_observation_not_claim_mapped
entry-01199,tome,True,False,unmapped_observation;source_local_parsing_pending
entry-01200,tome,True,False,unmapped_observation;source_local_parsing_pending
entry-01201,tome,True,True,unmapped_observation;source_local_parsing_pending;reported_observation_not_claim_mapped
entry-01202,tome,True,False,unmapped_observation;source_local_parsing_pending
entry-01203,tome,True,False,unmapped_observation;source_local_parsing_pending
entry-01204,tome,True,False,unmapped_observation;source_local_parsing_pending
entry-01205,tome,True,True,unmapped_observation;source_local_parsing_pending;pending_fact_or_source;reported_observation_not_claim_mapped
entry-01206,tome,True,False,
entry-01207,tome,True,False,
entry-01208,tome,True,False,
entry-01209,tome,True,False,
entry-01210,tome,True,True,unmapped_observation;source_local_parsing_pending;reported_observation_not_claim_mapped
entry-01211,tome,True,True,unmapped_observation;source_local_parsing_pending;reported_observation_not_claim_mapped
entry-01212,tome,True,False,
entry-01213,tome,True,False,
entry-01214,tome,True,True,unmapped_observation;source_local_parsing_pending;pending_fact_or_source;reported_observation_not_claim_mapped
entry-01215,tome,True,True,unmapped_observation;source_local_parsing_pending;pending_fact_or_source;reported_observation_not_claim_mapped
entry-01216,tome,True,True,unmapped_observation;source_local_parsing_pending;reported_observation_not_claim_mapped
entry-01217,tome,True,False,unmapped_observation;source_local_parsing_pending
entry-01218,tome,True,True,unmapped_observation;source_local_parsing_pending;reported_observation_not_claim_mapped
entry-01219,tome,True,False,unmapped_observation;source_local_parsing_pending
entry-01220,tome,True,True,unmapped_observation;source_local_parsing_pending;pending_fact_or_source;reported_observation_not_claim_mapped
entry-01221,tome,True,False,unmapped_observation;source_local_parsing_pending;pending_fact_or_source;reported_observation_not_claim_mapped;reported_suspicion_not_cross_reviewed
entry-01222,tome,True,False,unmapped_observation;source_local_parsing_pending;pending_fact_or_source;reported_observation_not_claim_mapped
entry-01223,tome,True,False,unmapped_observation;source_local_parsing_pending;pending_fact_or_source;reported_observation_not_claim_mapped;reported_suspicion_not_cross_reviewed
entry-01224,tome,True,False,unmapped_observation;pending_fact_or_source;reported_observation_not_claim_mapped;reported_suspicion_not_cross_reviewed
entry-01225,tome,True,True,unmapped_observation;source_local_parsing_pending;pending_fact_or_source;reported_observation_not_claim_mapped
entry-01226,tome,True,False,
entry-01227,tome,True,False,
entry-01228,tome,True,False,unmapped_observation;pending_fact_or_source;reported_observation_not_claim_mapped;reported_suspicion_not_cross_reviewed
entry-01229,tome,True,False,
entry-01230,tome,True,True,unmapped_observation;source_local_parsing_pending;reported_observation_not_claim_mapped
entry-01231,tome,True,False,
entry-01232,tome,True,False,
entry-01233,tome,True,False,
entry-01234,tome,True,False,
entry-01235,tome,True,False,
entry-01236,tome,True,False,
entry-01237,tome,True,False,
entry-01238,tome,True,False,
entry-01239,tome,True,False,
entry-01240,tome,True,False,
entry-01241,tome,True,False,
entry-01242,tome,True,False,
entry-01243,tome,True,False,
entry-01244,tome,True,False,
entry-01245,tome,True,True,unmapped_observation;source_local_parsing_pending;reported_observation_not_claim_mapped
entry-01246,tome,True,False,
entry-01247,tome,True,True,unmapped_observation;source_local_parsing_pending;pending_fact_or_source;reported_observation_not_claim_mapped
entry-01248,tome,True,False,
entry-01249,tome,True,False,unmapped_observation;source_local_parsing_pending
entry-01250,tome,True,False,
entry-01251,tome,True,False,
entry-01252,tome,True,True,unmapped_observation;source_local_parsing_pending;reported_observation_not_claim_mapped
entry-01253,tome,True,False,
entry-01254,tome,True,False,
entry-01255,tome,True,False,
entry-01256,tome,True,True,unmapped_observation;source_local_parsing_pending;pending_fact_or_source;reported_observation_not_claim_mapped
entry-01257,tome,True,False,
entry-01258,tome,True,False,
entry-01259,tome,True,True,unmapped_observation;source_local_parsing_pending;pending_fact_or_source;reported_observation_not_claim_mapped
entry-01260,tome,True,False,
entry-01261,tome,True,False,
entry-01262,tome,True,True,unmapped_observation;source_local_parsing_pending;pending_fact_or_source;reported_observation_not_claim_mapped
entry-01263,tome,True,True,unmapped_observation;source_local_parsing_pending;reported_observation_not_claim_mapped
entry-01264,tome,True,False,
entry-01265,tome,True,False,
entry-01266,tome,True,False,
entry-01267,tome,True,True,unmapped_observation;source_local_parsing_pending;pending_fact_or_source;reported_observation_not_claim_mapped
entry-01268,tome,True,False,
entry-01269,tome,True,False,unmapped_observation;source_local_parsing_pending
entry-01270,tome,True,True,unmapped_observation;source_local_parsing_pending;reported_observation_not_claim_mapped
entry-01271,tome,True,True,unmapped_observation;source_local_parsing_pending;reported_observation_not_claim_mapped
entry-01272,tome,True,True,unmapped_observation;source_local_parsing_pending;reported_observation_not_claim_mapped
entry-01273,tome,True,True,unmapped_observation;source_local_parsing_pending;reported_observation_not_claim_mapped
entry-01274,tome,True,False,unmapped_observation;source_local_parsing_pending
entry-01275,tome,True,True,unmapped_observation;source_local_parsing_pending;reported_observation_not_claim_mapped
entry-01276,tome,True,False,unmapped_observation;source_local_parsing_pending
entry-01277,tome,True,True,unmapped_observation;source_local_parsing_pending;pending_fact_or_source;reported_observation_not_claim_mapped
entry-01278,tome,True,True,unmapped_observation;source_local_parsing_pending;reported_observation_not_claim_mapped
entry-01279,tome,True,False,unmapped_observation;source_local_parsing_pending
entry-01280,tome,True,True,unmapped_observation;source_local_parsing_pending;pending_fact_or_source;reported_observation_not_claim_mapped
entry-01281,tome,True,False,unmapped_observation;source_local_parsing_pending
entry-01282,tome,True,True,unmapped_observation;pending_fact_or_source;reported_observation_not_claim_mapped
entry-01283,tome,True,True,unmapped_observation;reported_observation_not_claim_mapped
entry-01284,tome,True,False,
entry-01285,tome,True,False,
entry-01286,tome,True,True,unmapped_observation;pending_fact_or_source;reported_observation_not_claim_mapped
entry-01287,tome,True,False,
entry-01288,tome,True,False,
entry-01289,tome,True,False,
entry-01290,tome,True,True,unmapped_observation;pending_fact_or_source;reported_observation_not_claim_mapped
entry-01291,tome,True,False,
entry-01292,tome,True,True,unmapped_observation;source_local_parsing_pending;pending_fact_or_source;reported_observation_not_claim_mapped
entry-01293,tome,True,False,
entry-01294,tome,True,True,unmapped_observation;source_local_parsing_pending;pending_fact_or_source;reported_observation_not_claim_mapped
entry-01295,tome,True,False,
entry-01296,tome,True,True,unmapped_observation;source_local_parsing_pending;pending_fact_or_source;reported_observation_not_claim_mapped
entry-01297,tome,True,False,
entry-01298,tome,True,True,unmapped_observation;source_local_parsing_pending;pending_fact_or_source;reported_observation_not_claim_mapped
entry-01299,tome,True,False,
entry-01300,tome,True,False,
entry-01301,tome,True,False,
entry-01302,tome,True,True,unmapped_observation;source_local_parsing_pending;pending_fact_or_source;reported_observation_not_claim_mapped
entry-01303,tome,True,False,
entry-01304,tome,True,False,
entry-01305,tome,True,False,
entry-01306,tome,True,True,unmapped_observation;source_local_parsing_pending;pending_fact_or_source;reported_observation_not_claim_mapped
entry-01307,tome,True,False,
entry-01308,tome,True,True,unmapped_observation;source_local_parsing_pending;pending_fact_or_source;reported_observation_not_claim_mapped
entry-01309,tome,True,False,unmapped_observation;source_local_parsing_pending
entry-01310,tome,True,True,unmapped_observation;source_local_parsing_pending;pending_fact_or_source;reported_observation_not_claim_mapped
entry-01311,tome,True,False,unmapped_observation;source_local_parsing_pending
entry-01312,tome,True,True,unmapped_observation;source_local_parsing_pending;pending_fact_or_source;reported_observation_not_claim_mapped
entry-01313,tome,True,True,unmapped_observation;source_local_parsing_pending;pending_fact_or_source;reported_observation_not_claim_mapped
entry-01314,tome,True,True,unmapped_observation;source_local_parsing_pending;reported_observation_not_claim_mapped
entry-01315,tome,True,True,unmapped_observation;source_local_parsing_pending;pending_fact_or_source;reported_observation_not_claim_mapped
entry-01316,tome,True,True,unmapped_observation;source_local_parsing_pending;reported_observation_not_claim_mapped
entry-01317,tome,True,True,unmapped_observation;source_local_parsing_pending;pending_fact_or_source;reported_observation_not_claim_mapped
entry-01318,tome,True,True,unmapped_observation;source_local_parsing_pending;pending_fact_or_source;reported_observation_not_claim_mapped
entry-01319,tome,True,True,unmapped_observation;source_local_parsing_pending;pending_fact_or_source;reported_observation_not_claim_mapped
entry-01320,tome,True,True,unmapped_observation;source_local_parsing_pending;pending_fact_or_source;reported_observation_not_claim_mapped
entry-01321,tome,True,True,unmapped_observation;source_local_parsing_pending;reported_observation_not_claim_mapped
entry-01322,tome,True,False,
entry-01323,tome,True,False,
entry-01324,tome,True,False,
entry-01325,tome,True,False,unmapped_observation;source_local_parsing_pending
entry-01326,tome,True,True,unmapped_observation;source_local_parsing_pending;reported_observation_not_claim_mapped
entry-01327,tome,True,False,unmapped_observation;source_local_parsing_pending
entry-01328,tome,True,True,unmapped_observation;source_local_parsing_pending;pending_fact_or_source;reported_observation_not_claim_mapped
entry-01329,tome,True,False,unmapped_observation;source_local_parsing_pending
entry-01330,tome,True,False,unmapped_observation;source_local_parsing_pending
entry-01331,tome,True,True,unmapped_observation;source_local_parsing_pending;reported_observation_not_claim_mapped
entry-01332,tome,True,False,unmapped_observation;source_local_parsing_pending
entry-01333,tome,True,True,unmapped_observation;source_local_parsing_pending;reported_observation_not_claim_mapped
entry-01334,tome,True,True,unmapped_observation;source_local_parsing_pending;reported_observation_not_claim_mapped
entry-01335,tome,True,False,unmapped_observation;source_local_parsing_pending
entry-01336,tome,True,False,unmapped_observation;source_local_parsing_pending
entry-01337,tome,True,False,unmapped_observation;source_local_parsing_pending
entry-01338,tome,True,False,unmapped_observation;source_local_parsing_pending
entry-01339,tome,True,False,unmapped_observation;source_local_parsing_pending
entry-01340,tome,True,False,unmapped_observation;source_local_parsing_pending
entry-01341,tome,True,False,unmapped_observation;source_local_parsing_pending
entry-01342,tome,True,False,unmapped_observation;source_local_parsing_pending
entry-01343,tome,True,False,unmapped_observation;source_local_parsing_pending
entry-01344,tome,True,False,unmapped_observation;pending_fact_or_source;reported_observation_not_claim_mapped;reported_suspicion_not_cross_reviewed
entry-01345,tome,True,False,
entry-01346,tome,True,False,
entry-01347,tome,True,True,unmapped_observation;reported_observation_not_claim_mapped
entry-01348,tome,True,False,
entry-01349,tome,True,False,
entry-01350,tome,True,False,
entry-01351,tome,True,False,
entry-01352,tome,True,False,
entry-01353,tome,True,False,
entry-01354,tome,True,False,
entry-01355,tome,True,False,
entry-01356,tome,True,False,
entry-01357,tome,True,False,
entry-01358,tome,True,False,
entry-01359,tome,True,False,
entry-01360,tome,True,False,
entry-01361,tome,True,False,
entry-01362,tome,True,False,
entry-01363,tome,True,False,
entry-01364,tome,True,False,
entry-01365,tome,True,False,
entry-01366,tome,True,False,
entry-01367,tome,True,False,
entry-01368,tome,True,False,
entry-01369,tome,True,False,
entry-01370,tome,True,False,
entry-01371,tome,True,False,
entry-01372,tome,True,False,
entry-01373,tome,True,False,
entry-01374,tome,True,False,
entry-01375,tome,True,False,
entry-01376,tome,True,False,
entry-01377,tome,True,False,
entry-01378,tome,True,False,
entry-01379,tome,True,False,
entry-01380,tome,True,False,
entry-01381,tome,True,False,
entry-01382,tome,True,True,unmapped_observation;pending_fact_or_source;reported_observation_not_claim_mapped
entry-01383,tome,True,False,
entry-01384,tome,True,True,unmapped_observation;source_local_parsing_pending;pending_fact_or_source;reported_observation_not_claim_mapped
entry-01385,tome,True,True,unmapped_observation;source_local_parsing_pending;reported_observation_not_claim_mapped
entry-01386,tome,True,True,unmapped_observation;source_local_parsing_pending;pending_fact_or_source;reported_observation_not_claim_mapped
entry-01387,tome,True,False,
entry-01388,tome,True,False,
entry-01389,tome,True,True,unmapped_observation;source_local_parsing_pending;pending_fact_or_source;reported_observation_not_claim_mapped
entry-01390,tome,True,False,
entry-01391,tome,True,True,unmapped_observation;source_local_parsing_pending;reported_observation_not_claim_mapped
entry-01392,tome,True,True,unmapped_observation;source_local_parsing_pending;pending_fact_or_source;reported_observation_not_claim_mapped
entry-01393,tome,True,False,
entry-01394,tome,True,False,
entry-01395,tome,True,False,
entry-01396,tome,True,False,
entry-01397,tome,True,False,
entry-01398,tome,True,False,
entry-01399,tome,True,False,
entry-01400,tome,True,True,unmapped_observation;source_local_parsing_pending;pending_fact_or_source;reported_observation_not_claim_mapped
entry-01401,tome,True,False,
entry-01402,tome,True,False,
entry-01403,tome,True,False,
entry-01404,tome,True,False,
entry-01405,tome,True,False,
entry-01406,tome,True,False,
entry-01407,tome,True,False,
entry-01408,tome,True,True,unmapped_observation;source_local_parsing_pending;pending_fact_or_source;reported_observation_not_claim_mapped
entry-01409,tome,True,True,unmapped_observation;source_local_parsing_pending;reported_observation_not_claim_mapped
entry-01410,tome,True,True,unmapped_observation;source_local_parsing_pending;pending_fact_or_source;reported_observation_not_claim_mapped
entry-01411,tome,True,False,
entry-01412,tome,True,False,
entry-01413,tome,True,False,
entry-01414,tome,True,False,
entry-01415,tome,True,False,
entry-01416,tome,True,False,
entry-01417,tome,True,False,
entry-01418,tome,True,False,
entry-01419,tome,True,False,
entry-01420,tome,True,False,
entry-01421,tome,True,False,
entry-01422,tome,True,False,
entry-01423,tome,True,False,
entry-01424,tome,True,True,unmapped_observation;source_local_parsing_pending;pending_fact_or_source;reported_observation_not_claim_mapped
entry-01425,tome,True,False,
entry-01426,tome,True,False,
entry-01427,tome,True,False,
entry-01428,tome,True,False,
entry-01429,tome,True,False,
entry-01430,tome,True,False,
entry-01431,tome,True,False,
entry-01432,tome,True,True,unmapped_observation;source_local_parsing_pending;pending_fact_or_source;reported_observation_not_claim_mapped
entry-01433,tome,True,False,
entry-01434,tome,True,False,
entry-01435,tome,True,False,
entry-01436,tome,True,False,
entry-01437,tome,True,False,
entry-01438,tome,True,True,unmapped_observation;source_local_parsing_pending;pending_fact_or_source;reported_observation_not_claim_mapped
entry-01439,tome,True,False,
entry-01440,tome,True,False,
entry-01441,tome,True,False,
entry-01442,tome,True,False,
entry-01443,tome,True,False,
entry-01444,tome,True,False,
entry-01445,tome,True,False,
entry-01446,tome,True,False,
entry-01447,tome,True,False,
entry-01448,tome,True,False,
entry-01449,tome,True,False,
entry-01450,tome,True,True,unmapped_observation;source_local_parsing_pending;pending_fact_or_source;reported_observation_not_claim_mapped
entry-01451,tome,True,False,
entry-01452,tome,True,False,
entry-01453,tome,True,False,
entry-01454,tome,True,False,
entry-01455,tome,True,False,
entry-01456,tome,True,False,
entry-01457,tome,True,False,
entry-01458,tome,True,False,
entry-01459,tome,True,False,
entry-01460,tome,True,False,
entry-01461,tome,True,False,
entry-01462,tome,True,True,unmapped_observation;source_local_parsing_pending;reported_observation_not_claim_mapped
entry-01463,tome,True,True,unmapped_observation;source_local_parsing_pending;pending_fact_or_source;reported_observation_not_claim_mapped
entry-01464,tome,True,True,unmapped_observation;source_local_parsing_pending;reported_observation_not_claim_mapped
entry-01465,tome,True,False,
entry-01466,tome,True,False,
entry-01467,tome,True,False,
entry-01468,tome,True,True,unmapped_observation;reported_observation_not_claim_mapped
entry-01469,tome,True,False,
entry-01470,tome,True,False,
entry-01471,tome,True,False,
entry-01472,tome,True,False,
entry-01473,tome,True,False,
entry-01474,tome,True,True,unmapped_observation;source_local_parsing_pending;reported_observation_not_claim_mapped
entry-01475,tome,True,False,
entry-01476,tome,True,False,
entry-01477,tome,True,False,
entry-01478,tome,True,False,
entry-01479,tome,True,True,unmapped_observation;reported_observation_not_claim_mapped
entry-01480,tome,True,False,
entry-01481,tome,True,False,
entry-01482,tome,True,True,unmapped_observation;reported_observation_not_claim_mapped
entry-01483,tome,True,False,
entry-01484,tome,True,False,
entry-01485,tome,True,False,
entry-01486,tome,True,True,unmapped_observation;reported_observation_not_claim_mapped
entry-01487,tome,True,False,
entry-01488,tome,True,False,
entry-01489,tome,True,False,
entry-01490,tome,True,False,
entry-01491,tome,True,True,unmapped_observation;reported_observation_not_claim_mapped
entry-01492,tome,True,False,
entry-01493,tome,True,False,
entry-01494,tome,True,False,
entry-01495,tome,True,False,
entry-01496,tome,True,True,unmapped_observation;reported_observation_not_claim_mapped
entry-01497,tome,True,False,
entry-01498,tome,True,True,unmapped_observation;source_local_parsing_pending;pending_fact_or_source;reported_observation_not_claim_mapped
entry-01499,tome,True,False,
entry-01500,tome,True,False,
entry-01501,tome,True,False,
entry-01502,tome,True,False,
entry-01503,tome,True,False,
entry-01504,tome,True,False,unmapped_observation;pending_fact_or_source;reported_observation_not_claim_mapped;reported_suspicion_not_cross_reviewed
entry-01505,tome,True,False,unmapped_observation;source_local_parsing_pending
entry-01506,tome,True,False,
entry-01507,tome,True,False,
entry-01508,tome,True,True,unmapped_observation;source_local_parsing_pending;reported_observation_not_claim_mapped
entry-01509,tome,True,True,unmapped_observation;source_local_parsing_pending;reported_observation_not_claim_mapped
entry-01510,tome,True,True,unmapped_observation;source_local_parsing_pending;reported_observation_not_claim_mapped
entry-01511,tome,True,False,
entry-01512,tome,True,True,unmapped_observation;source_local_parsing_pending;reported_observation_not_claim_mapped
entry-01513,tome,True,False,
entry-01514,tome,True,True,unmapped_observation;source_local_parsing_pending;reported_observation_not_claim_mapped
entry-01515,tome,True,False,
entry-01516,tome,True,True,unmapped_observation;source_local_parsing_pending;reported_observation_not_claim_mapped
entry-01517,tome,True,True,unmapped_observation;source_local_parsing_pending;reported_observation_not_claim_mapped
entry-01518,tome,True,True,unmapped_observation;source_local_parsing_pending;reported_observation_not_claim_mapped
entry-01519,tome,True,False,
entry-01520,tome,True,False,
entry-01521,tome,True,False,
entry-01522,tome,True,False,
entry-01523,tome,True,False,
entry-01524,tome,True,False,
entry-01525,tome,True,False,
entry-01526,tome,True,False,
entry-01527,tome,True,False,
entry-01528,tome,True,True,unmapped_observation;source_local_parsing_pending;reported_observation_not_claim_mapped
entry-01529,tome,True,False,
entry-01530,tome,True,False,
entry-01531,tome,True,True,unmapped_observation;source_local_parsing_pending;pending_fact_or_source;reported_observation_not_claim_mapped
entry-01532,tome,True,False,
entry-01533,tome,True,False,
entry-01534,tome,True,True,unmapped_observation;source_local_parsing_pending;reported_observation_not_claim_mapped
entry-01535,tome,True,False,
entry-01536,tome,True,True,unmapped_observation;source_local_parsing_pending;pending_fact_or_source;reported_observation_not_claim_mapped
entry-01537,tome,True,False,
entry-01538,tome,True,False,
entry-01539,tome,True,False,
entry-01540,tome,True,False,
entry-01541,tome,True,False,
entry-01542,tome,True,False,
entry-01543,tome,True,True,unmapped_observation;source_local_parsing_pending;reported_observation_not_claim_mapped
entry-01544,tome,True,True,unmapped_observation;source_local_parsing_pending;reported_observation_not_claim_mapped
entry-01545,tome,True,False,unmapped_observation;source_local_parsing_pending
entry-01546,tome,True,False,
entry-01547,tome,True,False,
entry-01548,tome,True,False,
entry-01549,tome,True,False,
entry-01550,tome,True,False,
entry-01551,tome,True,False,
entry-01552,tome,True,False,
entry-01553,tome,True,False,
entry-01554,tome,True,True,unmapped_observation;source_local_parsing_pending;reported_observation_not_claim_mapped
entry-01555,tome,True,False,
entry-01556,tome,True,False,
entry-01557,tome,True,True,unmapped_observation;source_local_parsing_pending;pending_fact_or_source;reported_observation_not_claim_mapped
entry-01558,tome,True,False,
entry-01559,tome,True,False,
entry-01560,tome,True,False,
entry-01561,tome,True,False,
entry-01562,tome,True,False,
entry-01563,tome,True,True,unmapped_observation;source_local_parsing_pending;reported_observation_not_claim_mapped
entry-01564,tome,True,False,
entry-01565,tome,True,True,unmapped_observation;source_local_parsing_pending;pending_fact_or_source;reported_observation_not_claim_mapped
entry-01566,tome,True,False,
entry-01567,tome,True,False,
entry-01568,tome,True,False,
entry-01569,tome,True,False,
entry-01570,tome,True,False,
entry-01571,tome,True,False,
entry-01572,tome,True,False,
entry-01573,tome,True,False,
entry-01574,tome,True,False,
entry-01575,tome,True,False,
entry-01576,tome,True,True,unmapped_observation;source_local_parsing_pending;reported_observation_not_claim_mapped
entry-01577,tome,True,False,
entry-01578,tome,True,False,
entry-01579,tome,True,False,
entry-01580,tome,True,False,
entry-01581,tome,True,False,
entry-01582,tome,True,False,
entry-01583,tome,True,False,
entry-01584,tome,True,False,
entry-01585,tome,True,False,unmapped_observation;source_local_parsing_pending
entry-01586,tome,True,True,unmapped_observation;source_local_parsing_pending;pending_fact_or_source;reported_observation_not_claim_mapped
entry-01587,tome,True,False,unmapped_observation;source_local_parsing_pending
entry-01588,tome,True,True,unmapped_observation;source_local_parsing_pending;reported_observation_not_claim_mapped
entry-01589,tome,True,False,unmapped_observation;source_local_parsing_pending
entry-01590,tome,True,False,unmapped_observation;source_local_parsing_pending
entry-01591,tome,True,False,unmapped_observation;source_local_parsing_pending
entry-01592,tome,True,False,unmapped_observation;source_local_parsing_pending
entry-01593,tome,True,False,unmapped_observation;source_local_parsing_pending
entry-01594,tome,True,False,unmapped_observation;source_local_parsing_pending
entry-01595,tome,True,False,unmapped_observation;source_local_parsing_pending
entry-01596,tome,True,False,unmapped_observation;source_local_parsing_pending
entry-01597,tome,True,False,unmapped_observation;source_local_parsing_pending
entry-01598,tome,True,False,unmapped_observation;source_local_parsing_pending
entry-01599,tome,True,False,unmapped_observation;source_local_parsing_pending
entry-01600,tome,True,False,unmapped_observation;source_local_parsing_pending
entry-01601,tome,True,False,unmapped_observation;source_local_parsing_pending
entry-01602,tome,True,False,unmapped_observation;source_local_parsing_pending
entry-01603,tome,True,False,unmapped_observation;source_local_parsing_pending
entry-01604,tome,True,False,unmapped_observation;source_local_parsing_pending
entry-01605,tome,True,True,unmapped_observation;source_local_parsing_pending;reported_observation_not_claim_mapped
entry-01606,tome,True,False,unmapped_observation;source_local_parsing_pending
entry-01607,tome,True,False,unmapped_observation;source_local_parsing_pending
entry-01608,tome,True,False,unmapped_observation;source_local_parsing_pending
entry-01609,tome,True,False,unmapped_observation;source_local_parsing_pending
entry-01610,tome,True,False,unmapped_observation;source_local_parsing_pending
entry-01611,tome,True,False,unmapped_observation;source_local_parsing_pending
entry-01612,tome,True,False,unmapped_observation;source_local_parsing_pending
entry-01613,tome,True,False,unmapped_observation;source_local_parsing_pending
entry-01614,tome,True,False,unmapped_observation;source_local_parsing_pending
entry-01615,tome,True,False,unmapped_observation;source_local_parsing_pending
entry-01616,tome,True,False,unmapped_observation;source_local_parsing_pending
entry-01617,tome,True,True,unmapped_observation;source_local_parsing_pending;reported_observation_not_claim_mapped
entry-01618,tome,True,False,unmapped_observation;source_local_parsing_pending
entry-01619,tome,True,False,unmapped_observation;source_local_parsing_pending
entry-01620,tome,True,False,unmapped_observation;source_local_parsing_pending
entry-01621,tome,True,False,unmapped_observation;source_local_parsing_pending
entry-01622,tome,True,False,unmapped_observation;source_local_parsing_pending
entry-01623,tome,True,False,unmapped_observation;source_local_parsing_pending
entry-01624,tome,True,False,unmapped_observation;source_local_parsing_pending
entry-01625,tome,True,True,unmapped_observation;source_local_parsing_pending;pending_fact_or_source;reported_observation_not_claim_mapped
entry-01626,tome,True,False,
entry-01627,tome,True,False,
entry-01628,tome,True,False,
entry-01629,tome,True,False,
entry-01630,tome,True,False,
entry-01631,tome,True,False,
entry-01632,tome,True,False,unmapped_observation;reported_observation_not_claim_mapped;reported_suspicion_not_cross_reviewed
entry-01633,tome,True,False,unmapped_observation;reported_observation_not_claim_mapped;reported_suspicion_not_cross_reviewed
entry-01634,tome,True,False,
entry-01635,tome,True,False,
entry-01636,tome,True,False,
entry-01637,tome,True,False,
entry-01638,tome,True,False,
entry-01639,tome,True,False,
entry-01640,tome,True,False,
entry-01641,tome,True,False,unmapped_observation;reported_observation_not_claim_mapped;reported_suspicion_not_cross_reviewed
entry-01642,tome,True,False,
entry-01643,tome,True,False,
entry-01644,tome,True,False,unmapped_observation;reported_observation_not_claim_mapped;reported_suspicion_not_cross_reviewed
entry-01645,tome,True,False,
entry-01646,tome,True,False,
entry-01647,tome,True,False,
entry-01648,tome,True,False,
entry-01649,tome,True,False,
entry-01650,tome,True,False,
entry-01651,tome,True,False,
entry-01652,tome,True,False,
entry-01653,tome,True,False,
entry-01654,tome,True,False,
entry-01655,tome,True,False,
entry-01656,tome,True,False,
entry-01657,tome,True,False,unmapped_observation;reported_observation_not_claim_mapped;reported_suspicion_not_cross_reviewed
entry-01658,tome,True,False,
entry-01659,tome,True,True,unmapped_observation;source_local_parsing_pending;pending_fact_or_source;reported_observation_not_claim_mapped
entry-01660,tome,True,False,
entry-01661,tome,True,True,unmapped_observation;source_local_parsing_pending;pending_fact_or_source;reported_observation_not_claim_mapped
entry-01662,tome,True,False,
entry-01663,tome,True,False,
entry-01664,tome,True,False,
entry-01665,tome,True,False,unmapped_observation;source_local_parsing_pending;pending_fact_or_source;reported_observation_not_claim_mapped;reported_suspicion_not_cross_reviewed
entry-01666,tome,True,False,
entry-01667,tome,True,False,
entry-01668,tome,True,False,
entry-01669,tome,True,False,
entry-01670,tome,True,False,
entry-01671,tome,True,False,
entry-01672,tome,True,False,
entry-01673,tome,True,False,
entry-01674,tome,True,False,
entry-01675,tome,True,False,
entry-01676,tome,True,False,
entry-01677,tome,True,False,
entry-01678,tome,True,False,
entry-01679,tome,True,False,
entry-01680,tome,True,False,
entry-01681,tome,True,False,
entry-01682,tome,True,False,
entry-01683,tome,True,False,
entry-01684,tome,True,False,
entry-01685,tome,True,False,
entry-01686,tome,True,False,
entry-01687,tome,True,False,
entry-01688,tome,True,False,
entry-01689,tome,True,True,unmapped_observation;reported_observation_not_claim_mapped
entry-01690,tome,True,False,
entry-01691,tome,True,False,
entry-01692,tome,True,False,
entry-01693,tome,True,False,
entry-01694,tome,True,False,
entry-01695,tome,True,False,
entry-01696,tome,True,False,
entry-01697,tome,True,False,
entry-01698,tome,True,False,
entry-01699,tome,True,False,
entry-01700,tome,True,True,unmapped_observation;reported_observation_not_claim_mapped
entry-01701,tome,True,False,
entry-01702,tome,True,False,
entry-01703,tome,True,True,unmapped_observation;pending_fact_or_source;reported_observation_not_claim_mapped
entry-01704,tome,True,False,
entry-01705,tome,True,False,unmapped_observation;pending_fact_or_source;reported_observation_not_claim_mapped;reported_suspicion_not_cross_reviewed
entry-01706,tome,True,True,unmapped_observation;source_local_parsing_pending;reported_observation_not_claim_mapped
entry-01707,tome,True,False,unmapped_observation;source_local_parsing_pending
entry-01708,tome,True,False,unmapped_observation;source_local_parsing_pending
entry-01709,tome,True,True,unmapped_observation;source_local_parsing_pending;reported_observation_not_claim_mapped
entry-01710,tome,True,False,unmapped_observation;source_local_parsing_pending
entry-01711,tome,True,True,unmapped_observation;source_local_parsing_pending;reported_observation_not_claim_mapped
entry-01712,tome,True,False,unmapped_observation;source_local_parsing_pending
entry-01713,tome,True,False,unmapped_observation;source_local_parsing_pending
entry-01714,tome,True,False,unmapped_observation;source_local_parsing_pending
entry-01715,tome,True,False,unmapped_observation;source_local_parsing_pending
entry-01716,tome,True,False,unmapped_observation;source_local_parsing_pending
entry-01717,tome,True,False,unmapped_observation;source_local_parsing_pending
entry-01718,tome,True,True,unmapped_observation;source_local_parsing_pending;reported_observation_not_claim_mapped
entry-01719,tome,True,False,unmapped_observation;source_local_parsing_pending
entry-01720,tome,True,False,unmapped_observation;source_local_parsing_pending
entry-01721,tome,True,False,unmapped_observation;source_local_parsing_pending
entry-01722,tome,True,False,unmapped_observation;source_local_parsing_pending
entry-01723,tome,True,False,unmapped_observation;source_local_parsing_pending
entry-01724,tome,True,False,unmapped_observation;source_local_parsing_pending
entry-01725,tome,True,False,unmapped_observation;source_local_parsing_pending
entry-01726,tome,True,False,unmapped_observation;source_local_parsing_pending
entry-01727,tome,True,True,unmapped_observation;source_local_parsing_pending;reported_observation_not_claim_mapped
entry-01728,tome,True,False,unmapped_observation;source_local_parsing_pending
entry-01729,tome,True,False,unmapped_observation;source_local_parsing_pending
entry-01730,tome,True,False,unmapped_observation;source_local_parsing_pending
entry-01731,tome,True,False,unmapped_observation;source_local_parsing_pending
entry-01732,tome,True,True,unmapped_observation;source_local_parsing_pending;reported_observation_not_claim_mapped
entry-01733,tome,True,False,unmapped_observation;source_local_parsing_pending
entry-01734,tome,True,False,unmapped_observation;source_local_parsing_pending
entry-01735,tome,True,False,unmapped_observation;source_local_parsing_pending
entry-01736,tome,True,False,unmapped_observation;source_local_parsing_pending
entry-01737,tome,True,False,unmapped_observation;source_local_parsing_pending
entry-01738,tome,True,False,unmapped_observation;source_local_parsing_pending
entry-01739,tome,True,False,unmapped_observation;source_local_parsing_pending
entry-01740,tome,True,True,unmapped_observation;source_local_parsing_pending;reported_observation_not_claim_mapped
entry-01741,tome,True,False,unmapped_observation;source_local_parsing_pending
entry-01742,tome,True,True,unmapped_observation;source_local_parsing_pending;reported_observation_not_claim_mapped
entry-01743,tome,True,False,unmapped_observation;source_local_parsing_pending
entry-01744,tome,True,False,unmapped_observation;source_local_parsing_pending
entry-01745,tome,True,False,unmapped_observation;source_local_parsing_pending
entry-01746,tome,True,False,
entry-01747,tome,True,False,
entry-01748,tome,True,False,
entry-01749,tome,True,False,
entry-01750,tome,True,False,
entry-01751,tome,True,True,unmapped_observation;source_local_parsing_pending;pending_fact_or_source;reported_observation_not_claim_mapped
entry-01752,tome,True,False,
entry-01753,tome,True,False,
entry-01754,tome,True,False,
entry-01755,tome,True,False,
entry-01756,tome,True,False,
entry-01757,tome,True,False,
entry-01758,tome,True,False,
entry-01759,tome,True,False,
entry-01760,tome,True,False,
entry-01761,tome,True,False,
entry-01762,tome,True,False,
entry-01763,tome,True,False,
entry-01764,tome,True,False,
entry-01765,tome,True,False,
entry-01766,tome,True,False,
entry-01767,tome,True,True,unmapped_observation;source_local_parsing_pending;reported_observation_not_claim_mapped
entry-01768,tome,True,False,
entry-01769,tome,True,False,
entry-01770,tome,True,False,
entry-01771,tome,True,False,
entry-01772,tome,True,False,
entry-01773,tome,True,False,
entry-01774,tome,True,False,
entry-01775,tome,True,False,
entry-01776,tome,True,False,
entry-01777,tome,True,False,
entry-01778,tome,True,False,
entry-01779,tome,True,False,
entry-01780,tome,True,False,
entry-01781,tome,True,False,
entry-01782,tome,True,False,
entry-01783,tome,True,False,
entry-01784,tome,True,False,
entry-01785,tome,True,True,unmapped_observation;source_local_parsing_pending;pending_fact_or_source;reported_observation_not_claim_mapped
entry-01786,tome,True,False,
entry-01787,tome,True,False,
entry-01788,tome,True,True,unmapped_observation;source_local_parsing_pending;pending_fact_or_source;reported_observation_not_claim_mapped
entry-01789,tome,True,False,
entry-01790,tome,True,False,
entry-01791,tome,True,False,
entry-01792,tome,True,False,
entry-01793,tome,True,False,
entry-01794,tome,True,False,
entry-01795,tome,True,False,
entry-01796,tome,True,False,
entry-01797,tome,True,False,
entry-01798,tome,True,True,unmapped_observation;source_local_parsing_pending;reported_observation_not_claim_mapped
entry-01799,tome,True,False,
entry-01800,tome,True,False,
entry-01801,tome,True,False,
entry-01802,tome,True,False,
entry-01803,tome,True,True,unmapped_observation;source_local_parsing_pending;pending_fact_or_source;reported_observation_not_claim_mapped
entry-01804,tome,True,True,unmapped_observation;source_local_parsing_pending;reported_observation_not_claim_mapped
entry-01805,tome,True,False,
entry-01806,tome,True,False,
entry-01807,tome,True,True,unmapped_observation;source_local_parsing_pending;reported_observation_not_claim_mapped
entry-01808,tome,True,False,
entry-01809,tome,True,False,
entry-01810,tome,True,False,
entry-01811,tome,True,False,
entry-01812,tome,True,False,
entry-01813,tome,True,False,
entry-01814,tome,True,False,
entry-01815,tome,True,False,
entry-01816,tome,True,False,
entry-01817,tome,True,False,
entry-01818,tome,True,False,
entry-01819,tome,True,False,
entry-01820,tome,True,True,unmapped_observation;source_local_parsing_pending;reported_observation_not_claim_mapped
entry-01821,tome,True,False,
entry-01822,tome,True,False,
entry-01823,tome,True,True,unmapped_observation;source_local_parsing_pending;pending_fact_or_source;reported_observation_not_claim_mapped
entry-01824,tome,True,False,
entry-01825,tome,True,False,unmapped_observation;source_local_parsing_pending
entry-01826,tome,True,False,
entry-01827,tome,True,False,
entry-01828,tome,True,False,
entry-01829,tome,True,False,
entry-01830,tome,True,False,
entry-01831,tome,True,False,
entry-01832,tome,True,False,
entry-01833,tome,True,False,
entry-01834,tome,True,False,
entry-01835,tome,True,True,unmapped_observation;source_local_parsing_pending;reported_observation_not_claim_mapped
entry-01836,tome,True,False,
entry-01837,tome,True,False,
entry-01838,tome,True,True,unmapped_observation;source_local_parsing_pending;reported_observation_not_claim_mapped
entry-01839,tome,True,True,unmapped_observation;source_local_parsing_pending;pending_fact_or_source;reported_observation_not_claim_mapped
entry-01840,tome,True,False,
entry-01841,tome,True,False,
entry-01842,tome,True,False,
entry-01843,tome,True,False,
entry-01844,tome,True,False,
entry-01845,tome,True,False,
entry-01846,tome,True,False,
entry-01847,tome,True,False,
entry-01848,tome,True,False,
entry-01849,tome,True,False,
entry-01850,tome,True,False,
entry-01851,tome,True,True,unmapped_observation;source_local_parsing_pending;reported_observation_not_claim_mapped
entry-01852,tome,True,False,
entry-01853,tome,True,False,
entry-01854,tome,True,False,
entry-01855,tome,True,False,
entry-01856,tome,True,False,
entry-01857,tome,True,False,
entry-01858,tome,True,False,
entry-01859,tome,True,False,
entry-01860,tome,True,False,
entry-01861,tome,True,True,unmapped_observation;source_local_parsing_pending;reported_observation_not_claim_mapped
entry-01862,tome,True,False,
entry-01863,tome,True,False,
entry-01864,tome,True,False,
entry-01865,tome,True,False,unmapped_observation;source_local_parsing_pending
entry-01866,tome,True,False,unmapped_observation;source_local_parsing_pending
entry-01867,tome,True,False,unmapped_observation;source_local_parsing_pending
entry-01868,tome,True,True,unmapped_observation;source_local_parsing_pending;reported_observation_not_claim_mapped
entry-01869,tome,True,False,unmapped_observation;source_local_parsing_pending
entry-01870,tome,True,True,unmapped_observation;source_local_parsing_pending;reported_observation_not_claim_mapped
entry-01871,tome,True,False,unmapped_observation;source_local_parsing_pending
entry-01872,tome,True,False,unmapped_observation;source_local_parsing_pending
entry-01873,tome,True,False,unmapped_observation;source_local_parsing_pending
entry-01874,tome,True,False,unmapped_observation;source_local_parsing_pending
entry-01875,tome,True,False,unmapped_observation;source_local_parsing_pending
entry-01876,tome,True,False,unmapped_observation;source_local_parsing_pending
entry-01877,tome,True,False,unmapped_observation;source_local_parsing_pending
entry-01878,tome,True,False,unmapped_observation;source_local_parsing_pending
entry-01879,tome,True,False,unmapped_observation;source_local_parsing_pending
entry-01880,tome,True,False,unmapped_observation;source_local_parsing_pending
entry-01881,tome,True,False,unmapped_observation;source_local_parsing_pending
entry-01882,tome,True,False,unmapped_observation;source_local_parsing_pending
entry-01883,tome,True,False,unmapped_observation;source_local_parsing_pending
entry-01884,tome,True,False,unmapped_observation;source_local_parsing_pending
entry-01885,tome,True,False,unmapped_observation;source_local_parsing_pending
entry-01886,tome,True,False,unmapped_observation;source_local_parsing_pending
entry-01887,tome,True,False,unmapped_observation;source_local_parsing_pending
entry-01888,tome,True,False,unmapped_observation;source_local_parsing_pending
entry-01889,tome,True,False,unmapped_observation;source_local_parsing_pending
entry-01890,tome,True,False,unmapped_observation;source_local_parsing_pending
entry-01891,tome,True,True,unmapped_observation;source_local_parsing_pending;reported_observation_not_claim_mapped
entry-01892,tome,True,False,unmapped_observation;source_local_parsing_pending
entry-01893,tome,True,False,unmapped_observation;source_local_parsing_pending
entry-01894,tome,True,False,unmapped_observation;source_local_parsing_pending
entry-01895,tome,True,True,unmapped_observation;source_local_parsing_pending;reported_observation_not_claim_mapped
entry-01896,tome,True,False,unmapped_observation;source_local_parsing_pending
entry-01897,tome,True,False,unmapped_observation;source_local_parsing_pending
entry-01898,tome,True,False,unmapped_observation;source_local_parsing_pending
entry-01899,tome,True,True,unmapped_observation;source_local_parsing_pending;pending_fact_or_source;reported_observation_not_claim_mapped
entry-01900,tome,True,False,unmapped_observation;source_local_parsing_pending
entry-01901,tome,True,False,unmapped_observation;source_local_parsing_pending
entry-01902,tome,True,False,unmapped_observation;source_local_parsing_pending
entry-01903,tome,True,False,unmapped_observation;source_local_parsing_pending
entry-01904,tome,True,False,unmapped_observation;source_local_parsing_pending
entry-01905,tome,True,True,unmapped_observation;source_local_parsing_pending;pending_fact_or_source;reported_observation_not_claim_mapped
entry-01906,tome,True,False,
entry-01907,tome,True,False,
entry-01908,tome,True,False,
entry-01909,tome,True,False,
entry-01910,tome,True,False,
entry-01911,tome,True,True,unmapped_observation;source_local_parsing_pending;reported_observation_not_claim_mapped
entry-01912,tome,True,False,
entry-01913,tome,True,True,unmapped_observation;source_local_parsing_pending;pending_fact_or_source;reported_observation_not_claim_mapped
entry-01914,tome,True,False,
entry-01915,tome,True,False,
entry-01916,tome,True,False,
entry-01917,tome,True,True,unmapped_observation;reported_observation_not_claim_mapped
entry-01918,tome,True,False,
entry-01919,tome,True,True,unmapped_observation;source_local_parsing_pending;pending_fact_or_source;reported_observation_not_claim_mapped
entry-01920,tome,True,False,
entry-01921,tome,True,False,
entry-01922,tome,True,False,
entry-01923,tome,True,False,
entry-01924,tome,True,True,unmapped_observation;source_local_parsing_pending;reported_observation_not_claim_mapped
entry-01925,tome,True,False,
entry-01926,tome,True,False,
entry-01927,tome,True,False,
entry-01928,tome,True,False,
entry-01929,tome,True,False,
entry-01930,tome,True,False,
entry-01931,tome,True,False,
entry-01932,tome,True,False,
entry-01933,tome,True,False,
entry-01934,tome,True,False,
entry-01935,tome,True,False,
entry-01936,tome,True,False,
entry-01937,tome,True,False,
entry-01938,tome,True,False,
entry-01939,tome,True,False,
entry-01940,tome,True,False,
entry-01941,tome,True,False,
entry-01942,tome,True,False,
entry-01943,tome,True,False,
entry-01944,tome,True,False,
entry-01945,tome,True,True,unmapped_observation;source_local_parsing_pending;reported_observation_not_claim_mapped
entry-01946,tome,True,False,
entry-01947,tome,True,False,
entry-01948,tome,True,False,unmapped_observation;source_local_parsing_pending
entry-01949,tome,True,False,
entry-01950,tome,True,False,
entry-01951,tome,True,False,
entry-01952,tome,True,False,
entry-01953,tome,True,False,
entry-01954,tome,True,False,
entry-01955,tome,True,False,
entry-01956,tome,True,False,
entry-01957,tome,True,False,
entry-01958,tome,True,False,
entry-01959,tome,True,False,
entry-01960,tome,True,False,
entry-01961,tome,True,False,
entry-01962,tome,True,False,
entry-01963,tome,True,False,
entry-01964,tome,True,False,
entry-01965,tome,True,False,
entry-01966,tome,True,False,
entry-01967,tome,True,False,
entry-01968,tome,True,False,
entry-01969,tome,True,False,
entry-01970,tome,True,True,unmapped_observation;reported_observation_not_claim_mapped
entry-01971,tome,True,False,
entry-01972,tome,True,False,
entry-01973,tome,True,False,
entry-01974,tome,True,False,
entry-01975,tome,True,False,
entry-01976,tome,True,True,unmapped_observation;reported_observation_not_claim_mapped
entry-01977,tome,True,False,
entry-01978,tome,True,False,
entry-01979,tome,True,False,
entry-01980,tome,True,True,unmapped_observation;pending_fact_or_source;reported_observation_not_claim_mapped
entry-01981,tome,True,False,
entry-01982,tome,True,False,
entry-01983,tome,True,False,
entry-01984,tome,True,True,unmapped_observation;reported_observation_not_claim_mapped
entry-01985,tome,True,False,
entry-01986,tome,True,False,
entry-01987,tome,True,False,unmapped_observation;source_local_parsing_pending
entry-01988,tome,True,True,unmapped_observation;source_local_parsing_pending;reported_observation_not_claim_mapped
entry-01989,tome,True,True,unmapped_observation;source_local_parsing_pending;reported_observation_not_claim_mapped
entry-01990,tome,True,False,
entry-01991,tome,True,False,
entry-01992,tome,True,False,
entry-01993,tome,True,False,
entry-01994,tome,True,True,unmapped_observation;source_local_parsing_pending;reported_observation_not_claim_mapped
entry-01995,tome,True,False,
entry-01996,tome,True,False,
entry-01997,tome,True,False,
entry-01998,tome,True,False,
entry-01999,tome,True,False,
entry-02000,tome,True,True,unmapped_observation;source_local_parsing_pending;reported_observation_not_claim_mapped
entry-02001,tome,True,False,
entry-02002,tome,True,False,
entry-02003,tome,True,False,
entry-02004,tome,True,True,unmapped_observation;source_local_parsing_pending;reported_observation_not_claim_mapped
entry-02005,tome,True,False,
entry-02006,tome,True,False,
entry-02007,tome,True,False,
entry-02008,tome,True,False,
entry-02009,tome,True,False,
entry-02010,tome,True,False,
entry-02011,tome,True,False,
entry-02012,tome,True,False,
entry-02013,tome,True,False,
entry-02014,tome,True,False,
entry-02015,tome,True,True,unmapped_observation;source_local_parsing_pending;reported_observation_not_claim_mapped
entry-02016,tome,True,False,
entry-02017,tome,True,False,
entry-02018,tome,True,False,
entry-02019,tome,True,False,
entry-02020,tome,True,False,
entry-02021,tome,True,False,
entry-02022,tome,True,True,unmapped_observation;source_local_parsing_pending;pending_fact_or_source;reported_observation_not_claim_mapped
entry-02023,tome,True,True,unmapped_observation;source_local_parsing_pending;pending_fact_or_source;reported_observation_not_claim_mapped
entry-02024,tome,True,True,unmapped_observation;source_local_parsing_pending;pending_fact_or_source;reported_observation_not_claim_mapped
entry-02025,tome,True,True,unmapped_observation;source_local_parsing_pending;reported_observation_not_claim_mapped
entry-02026,tome,True,True,unmapped_observation;source_local_parsing_pending;reported_observation_not_claim_mapped
entry-02027,tome,True,True,unmapped_observation;source_local_parsing_pending;reported_observation_not_claim_mapped
entry-02028,tome,True,True,unmapped_observation;source_local_parsing_pending;reported_observation_not_claim_mapped
entry-02029,tome,True,False,unmapped_observation;source_local_parsing_pending
entry-02030,tome,True,False,unmapped_observation;source_local_parsing_pending
entry-02031,tome,True,False,unmapped_observation;source_local_parsing_pending
entry-02032,tome,True,True,unmapped_observation;source_local_parsing_pending;reported_observation_not_claim_mapped
entry-02033,tome,True,False,unmapped_observation;source_local_parsing_pending
entry-02034,tome,True,False,unmapped_observation;source_local_parsing_pending
entry-02035,tome,True,False,unmapped_observation;source_local_parsing_pending
entry-02036,tome,True,False,unmapped_observation;source_local_parsing_pending
entry-02037,tome,True,False,unmapped_observation;source_local_parsing_pending
entry-02038,tome,True,False,unmapped_observation;source_local_parsing_pending
entry-02039,tome,True,False,unmapped_observation;source_local_parsing_pending
entry-02040,tome,True,False,unmapped_observation;source_local_parsing_pending
entry-02041,tome,True,False,unmapped_observation;source_local_parsing_pending
entry-02042,tome,True,False,unmapped_observation;source_local_parsing_pending
entry-02043,tome,True,True,unmapped_observation;source_local_parsing_pending;reported_observation_not_claim_mapped
entry-02044,tome,True,False,unmapped_observation;source_local_parsing_pending
entry-02045,tome,True,False,unmapped_observation;source_local_parsing_pending
entry-02046,tome,True,False,unmapped_observation;source_local_parsing_pending
entry-02047,tome,True,False,unmapped_observation;source_local_parsing_pending
entry-02048,tome,True,False,unmapped_observation;source_local_parsing_pending
entry-02049,tome,True,False,unmapped_observation;source_local_parsing_pending
entry-02050,tome,True,True,unmapped_observation;source_local_parsing_pending;reported_observation_not_claim_mapped
entry-02051,tome,True,False,unmapped_observation;source_local_parsing_pending
entry-02052,tome,True,False,unmapped_observation;source_local_parsing_pending
entry-02053,tome,True,False,unmapped_observation;source_local_parsing_pending
entry-02054,tome,True,False,unmapped_observation;source_local_parsing_pending
entry-02055,tome,True,False,unmapped_observation;source_local_parsing_pending
entry-02056,tome,True,False,unmapped_observation;source_local_parsing_pending
entry-02057,tome,True,False,unmapped_observation;source_local_parsing_pending
entry-02058,tome,True,True,unmapped_observation;source_local_parsing_pending;reported_observation_not_claim_mapped
entry-02059,tome,True,False,unmapped_observation;source_local_parsing_pending
entry-02060,tome,True,False,unmapped_observation;source_local_parsing_pending
entry-02061,tome,True,False,unmapped_observation;source_local_parsing_pending
entry-02062,tome,True,False,unmapped_observation;source_local_parsing_pending
entry-02063,tome,True,False,unmapped_observation;source_local_parsing_pending
entry-02064,tome,True,False,unmapped_observation;source_local_parsing_pending
entry-02065,tome,True,False,unmapped_observation;source_local_parsing_pending
entry-02066,tome,True,True,unmapped_observation;source_local_parsing_pending;reported_observation_not_claim_mapped
entry-02067,tome,True,True,unmapped_observation;source_local_parsing_pending;reported_observation_not_claim_mapped
entry-02068,tome,True,False,
entry-02069,tome,True,True,unmapped_observation;source_local_parsing_pending;reported_observation_not_claim_mapped
entry-02070,tome,True,False,
entry-02071,tome,True,False,
entry-02072,tome,True,False,
entry-02073,tome,True,False,
entry-02074,tome,True,True,unmapped_observation;source_local_parsing_pending;reported_observation_not_claim_mapped
entry-02075,tome,True,False,
entry-02076,tome,True,False,
entry-02077,tome,True,False,
entry-02078,tome,True,False,
entry-02079,tome,True,False,
entry-02080,tome,True,False,
entry-02081,tome,True,True,unmapped_observation;source_local_parsing_pending;pending_fact_or_source;reported_observation_not_claim_mapped
entry-02082,tome,True,False,
entry-02083,tome,True,False,
entry-02084,tome,True,False,
entry-02085,tome,True,False,
entry-02086,tome,True,False,
entry-02087,tome,True,False,
entry-02088,tome,True,False,
entry-02089,tome,True,False,
entry-02090,tome,True,False,
entry-02091,tome,True,False,
entry-02092,tome,True,False,
entry-02093,tome,True,False,
entry-02094,tome,True,False,
entry-02095,tome,True,False,
entry-02096,tome,True,False,
entry-02097,tome,True,True,unmapped_observation;source_local_parsing_pending;reported_observation_not_claim_mapped
entry-02098,tome,True,False,
entry-02099,tome,True,False,
entry-02100,tome,True,False,
entry-02101,tome,True,False,
entry-02102,tome,True,False,
entry-02103,tome,True,True,unmapped_observation;source_local_parsing_pending;reported_observation_not_claim_mapped
entry-02104,tome,True,False,
entry-02105,tome,True,False,
entry-02106,tome,True,True,unmapped_observation;source_local_parsing_pending;reported_observation_not_claim_mapped
entry-02107,tome,True,True,unmapped_observation;source_local_parsing_pending;pending_fact_or_source;reported_observation_not_claim_mapped
entry-02108,tome,True,False,
entry-02109,tome,True,True,unmapped_observation;source_local_parsing_pending;reported_observation_not_claim_mapped
entry-02110,tome,True,True,unmapped_observation;source_local_parsing_pending;reported_observation_not_claim_mapped
entry-02111,tome,True,False,
entry-02112,tome,True,False,
entry-02113,tome,True,True,unmapped_observation;source_local_parsing_pending;reported_observation_not_claim_mapped
entry-02114,tome,True,False,
entry-02115,tome,True,True,unmapped_observation;source_local_parsing_pending;pending_fact_or_source;reported_observation_not_claim_mapped
entry-02116,tome,True,False,
entry-02117,tome,True,False,
entry-02118,tome,True,False,
entry-02119,tome,True,False,
entry-02120,tome,True,False,
entry-02121,tome,True,False,
entry-02122,tome,True,False,
entry-02123,tome,True,False,
entry-02124,tome,True,False,
entry-02125,tome,True,True,unmapped_observation;source_local_parsing_pending;reported_observation_not_claim_mapped
entry-02126,tome,True,False,
entry-02127,tome,True,False,
entry-02128,tome,True,True,unmapped_observation;source_local_parsing_pending;reported_observation_not_claim_mapped
entry-02129,tome,True,False,
entry-02130,tome,True,False,
entry-02131,tome,True,False,
entry-02132,tome,True,False,
entry-02133,tome,True,False,
entry-02134,tome,True,False,
entry-02135,tome,True,False,
entry-02136,tome,True,False,
entry-02137,tome,True,False,
entry-02138,tome,True,False,
entry-02139,tome,True,False,
entry-02140,tome,True,False,
entry-02141,tome,True,True,unmapped_observation;source_local_parsing_pending;reported_observation_not_claim_mapped
entry-02142,tome,True,False,
entry-02143,tome,True,False,
entry-02144,tome,True,False,
entry-02145,tome,True,False,
entry-02146,tome,True,False,
entry-02147,tome,True,False,
entry-02148,tome,True,True,unmapped_observation;source_local_parsing_pending;reported_observation_not_claim_mapped
entry-02149,tome,True,True,unmapped_observation;source_local_parsing_pending;pending_fact_or_source;reported_observation_not_claim_mapped
entry-02150,tome,True,True,unmapped_observation;source_local_parsing_pending;reported_observation_not_claim_mapped
entry-02151,tome,True,False,unmapped_observation;source_local_parsing_pending
entry-02152,tome,True,False,unmapped_observation;source_local_parsing_pending
entry-02153,tome,True,True,unmapped_observation;source_local_parsing_pending;reported_observation_not_claim_mapped
entry-02154,tome,True,False,unmapped_observation;source_local_parsing_pending
entry-02155,tome,True,False,unmapped_observation;source_local_parsing_pending
entry-02156,tome,True,False,unmapped_observation;source_local_parsing_pending
entry-02157,tome,True,False,unmapped_observation;source_local_parsing_pending
entry-02158,tome,True,False,unmapped_observation;source_local_parsing_pending
entry-02159,tome,True,False,unmapped_observation;source_local_parsing_pending
entry-02160,tome,True,False,unmapped_observation;source_local_parsing_pending
entry-02161,tome,True,False,unmapped_observation;source_local_parsing_pending
entry-02162,tome,True,False,unmapped_observation;source_local_parsing_pending
entry-02163,tome,True,False,unmapped_observation;source_local_parsing_pending
entry-02164,tome,True,False,unmapped_observation;source_local_parsing_pending
entry-02165,tome,True,False,unmapped_observation;source_local_parsing_pending
entry-02166,tome,True,False,unmapped_observation;source_local_parsing_pending
entry-02167,tome,True,False,unmapped_observation;source_local_parsing_pending
entry-02168,tome,True,False,unmapped_observation;source_local_parsing_pending
entry-02169,tome,True,False,unmapped_observation;source_local_parsing_pending
entry-02170,tome,True,False,unmapped_observation;source_local_parsing_pending
entry-02171,tome,True,False,unmapped_observation;source_local_parsing_pending
entry-02172,tome,True,False,unmapped_observation;source_local_parsing_pending
entry-02173,tome,True,False,unmapped_observation;source_local_parsing_pending
entry-02174,tome,True,False,unmapped_observation;source_local_parsing_pending
entry-02175,tome,True,False,unmapped_observation;source_local_parsing_pending
entry-02176,tome,True,False,unmapped_observation;source_local_parsing_pending
entry-02177,tome,True,False,unmapped_observation;source_local_parsing_pending
entry-02178,tome,True,False,unmapped_observation;source_local_parsing_pending
entry-02179,tome,True,False,unmapped_observation;source_local_parsing_pending
entry-02180,tome,True,False,unmapped_observation;source_local_parsing_pending
entry-02181,tome,True,True,unmapped_observation;source_local_parsing_pending;reported_observation_not_claim_mapped
entry-02182,tome,True,False,unmapped_observation;source_local_parsing_pending
entry-02183,tome,True,False,unmapped_observation;source_local_parsing_pending
entry-02184,tome,True,False,unmapped_observation;source_local_parsing_pending
entry-02185,tome,True,False,unmapped_observation;source_local_parsing_pending
entry-02186,tome,True,False,unmapped_observation;source_local_parsing_pending
entry-02187,tome,True,True,unmapped_observation;source_local_parsing_pending;reported_observation_not_claim_mapped
entry-02188,tome,True,False,unmapped_observation;source_local_parsing_pending
entry-02189,tome,True,True,unmapped_observation;source_local_parsing_pending;reported_observation_not_claim_mapped
entry-02190,tome,True,False,unmapped_observation;source_local_parsing_pending
entry-02191,tome,True,True,unmapped_observation;source_local_parsing_pending;reported_observation_not_claim_mapped
entry-02192,tome,True,True,unmapped_observation;source_local_parsing_pending;reported_observation_not_claim_mapped
entry-02193,tome,True,False,unmapped_observation;source_local_parsing_pending
entry-02194,tome,True,False,unmapped_observation;source_local_parsing_pending
entry-02195,tome,True,False,unmapped_observation;source_local_parsing_pending
entry-02196,tome,True,False,unmapped_observation;source_local_parsing_pending
entry-02197,tome,True,False,unmapped_observation;source_local_parsing_pending
entry-02198,tome,True,False,unmapped_observation;source_local_parsing_pending
entry-02199,tome,True,False,unmapped_observation;source_local_parsing_pending
entry-02200,tome,True,False,unmapped_observation;source_local_parsing_pending
entry-02201,tome,True,False,unmapped_observation;source_local_parsing_pending
entry-02202,tome,True,False,unmapped_observation;source_local_parsing_pending
entry-02203,tome,True,False,unmapped_observation;source_local_parsing_pending
entry-02204,tome,True,False,unmapped_observation;source_local_parsing_pending
entry-02205,tome,True,False,unmapped_observation;source_local_parsing_pending
entry-02206,tome,True,False,unmapped_observation;source_local_parsing_pending
entry-02207,tome,True,True,unmapped_observation;source_local_parsing_pending;reported_observation_not_claim_mapped
entry-02208,tome,True,False,unmapped_observation;source_local_parsing_pending
entry-02209,tome,True,False,unmapped_observation;source_local_parsing_pending
entry-02210,tome,True,True,unmapped_observation;source_local_parsing_pending;reported_observation_not_claim_mapped
entry-02211,tome,True,False,unmapped_observation;source_local_parsing_pending
entry-02212,tome,True,True,unmapped_observation;source_local_parsing_pending;reported_observation_not_claim_mapped
entry-02213,tome,True,False,unmapped_observation;source_local_parsing_pending
entry-02214,tome,True,False,unmapped_observation;source_local_parsing_pending
entry-02215,tome,True,False,unmapped_observation;source_local_parsing_pending
entry-02216,tome,True,False,unmapped_observation;source_local_parsing_pending
entry-02217,tome,True,False,unmapped_observation;source_local_parsing_pending
entry-02218,tome,True,False,unmapped_observation;source_local_parsing_pending
entry-02219,tome,True,False,unmapped_observation;source_local_parsing_pending
entry-02220,tome,True,False,unmapped_observation;source_local_parsing_pending
entry-02221,tome,True,False,unmapped_observation;source_local_parsing_pending
entry-02222,tome,True,False,unmapped_observation;source_local_parsing_pending
entry-02223,tome,True,False,unmapped_observation;source_local_parsing_pending
entry-02224,tome,True,False,unmapped_observation;source_local_parsing_pending
entry-02225,tome,True,False,unmapped_observation;source_local_parsing_pending
entry-02226,tome,True,False,unmapped_observation;source_local_parsing_pending
entry-02227,tome,True,True,unmapped_observation;source_local_parsing_pending;pending_fact_or_source;reported_observation_not_claim_mapped
entry-02228,tome,True,False,
entry-02229,tome,True,False,
entry-02230,tome,True,False,
entry-02231,tome,True,False,
entry-02232,tome,True,False,
entry-02233,tome,True,False,
entry-02234,tome,True,False,
entry-02235,tome,True,False,
entry-02236,tome,True,False,
entry-02237,tome,True,False,
entry-02238,tome,True,False,
entry-02239,tome,True,False,
entry-02240,tome,True,False,
entry-02241,tome,True,False,
entry-02242,tome,True,False,
entry-02243,tome,True,False,
entry-02244,tome,True,False,
entry-02245,tome,True,False,
entry-02246,tome,True,False,
entry-02247,tome,True,False,
entry-02248,tome,True,False,
entry-02249,tome,True,False,
entry-02250,tome,True,False,
entry-02251,tome,True,False,
entry-02252,tome,True,True,unmapped_observation;reported_observation_not_claim_mapped
entry-02253,tome,True,False,
entry-02254,tome,True,False,
entry-02255,tome,True,False,
entry-02256,tome,True,False,
entry-02257,tome,True,False,
entry-02258,tome,True,True,unmapped_observation;source_local_parsing_pending;reported_observation_not_claim_mapped
entry-02259,tome,True,True,unmapped_observation;reported_observation_not_claim_mapped
entry-02260,tome,True,False,
entry-02261,tome,True,False,
entry-02262,tome,True,False,
entry-02263,tome,True,False,
entry-02264,tome,True,False,
entry-02265,tome,True,True,unmapped_observation;reported_observation_not_claim_mapped
entry-02266,tome,True,False,
entry-02267,tome,True,True,unmapped_observation;source_local_parsing_pending;pending_fact_or_source;reported_observation_not_claim_mapped
entry-02268,tome,True,False,unmapped_observation;source_local_parsing_pending
entry-02269,tome,True,True,unmapped_observation;source_local_parsing_pending;reported_observation_not_claim_mapped
entry-02270,tome,True,False,unmapped_observation;source_local_parsing_pending
entry-02271,tome,True,False,unmapped_observation;source_local_parsing_pending
entry-02272,tome,True,False,unmapped_observation;source_local_parsing_pending
entry-02273,tome,True,True,unmapped_observation;source_local_parsing_pending;reported_observation_not_claim_mapped
entry-02274,tome,True,False,unmapped_observation;source_local_parsing_pending
entry-02275,tome,True,False,unmapped_observation;source_local_parsing_pending
entry-02276,tome,True,False,unmapped_observation;source_local_parsing_pending
entry-02277,tome,True,True,unmapped_observation;source_local_parsing_pending;reported_observation_not_claim_mapped
entry-02278,tome,True,True,unmapped_observation;source_local_parsing_pending;reported_observation_not_claim_mapped
entry-02279,tome,True,False,unmapped_observation;source_local_parsing_pending
entry-02280,tome,True,True,unmapped_observation;source_local_parsing_pending;reported_observation_not_claim_mapped
entry-02281,tome,True,False,unmapped_observation;source_local_parsing_pending
entry-02282,tome,True,False,unmapped_observation;source_local_parsing_pending
entry-02283,tome,True,False,unmapped_observation;source_local_parsing_pending
entry-02284,tome,True,False,unmapped_observation;source_local_parsing_pending
entry-02285,tome,True,False,unmapped_observation;source_local_parsing_pending
entry-02286,tome,True,False,unmapped_observation;source_local_parsing_pending
entry-02287,tome,True,False,unmapped_observation;source_local_parsing_pending
entry-02288,tome,True,False,unmapped_observation;source_local_parsing_pending
entry-02289,tome,True,False,unmapped_observation;source_local_parsing_pending
entry-02290,tome,True,True,unmapped_observation;source_local_parsing_pending;reported_observation_not_claim_mapped
entry-02291,tome,True,False,unmapped_observation;source_local_parsing_pending
entry-02292,tome,True,False,unmapped_observation;source_local_parsing_pending
entry-02293,tome,True,False,unmapped_observation;source_local_parsing_pending
entry-02294,tome,True,False,unmapped_observation;source_local_parsing_pending
entry-02295,tome,True,False,unmapped_observation;source_local_parsing_pending
entry-02296,tome,True,False,unmapped_observation;source_local_parsing_pending
entry-02297,tome,True,False,unmapped_observation;source_local_parsing_pending
entry-02298,tome,True,False,unmapped_observation;source_local_parsing_pending
entry-02299,tome,True,False,unmapped_observation;source_local_parsing_pending
entry-02300,tome,True,False,unmapped_observation;source_local_parsing_pending
entry-02301,tome,True,False,unmapped_observation;source_local_parsing_pending
entry-02302,tome,True,False,unmapped_observation;source_local_parsing_pending
entry-02303,tome,True,True,unmapped_observation;source_local_parsing_pending;reported_observation_not_claim_mapped
entry-02304,tome,True,False,unmapped_observation;source_local_parsing_pending
entry-02305,tome,True,False,unmapped_observation;source_local_parsing_pending
entry-02306,tome,True,True,unmapped_observation;source_local_parsing_pending;reported_observation_not_claim_mapped
entry-02307,tome,True,False,unmapped_observation;pending_fact_or_source;reported_observation_not_claim_mapped;reported_suspicion_not_cross_reviewed
entry-02308,tome,True,False,unmapped_observation;source_local_parsing_pending
entry-02309,tome,True,False,
entry-02310,tome,True,False,unmapped_observation;source_local_parsing_pending
entry-02311,tome,True,False,unmapped_observation;source_local_parsing_pending
entry-02312,tome,True,True,unmapped_observation;source_local_parsing_pending;reported_observation_not_claim_mapped
entry-02313,tome,True,False,unmapped_observation;source_local_parsing_pending
entry-02314,tome,True,False,unmapped_observation;source_local_parsing_pending
entry-02315,tome,True,False,unmapped_observation;source_local_parsing_pending
entry-02316,tome,True,False,unmapped_observation;source_local_parsing_pending
entry-02317,tome,True,False,unmapped_observation;source_local_parsing_pending
entry-02318,tome,True,False,unmapped_observation;source_local_parsing_pending
entry-02319,tome,True,True,unmapped_observation;source_local_parsing_pending;reported_observation_not_claim_mapped
entry-02320,tome,True,False,unmapped_observation;source_local_parsing_pending
entry-02321,tome,True,False,unmapped_observation;source_local_parsing_pending
entry-02322,tome,True,False,unmapped_observation;source_local_parsing_pending
entry-02323,tome,True,False,unmapped_observation;source_local_parsing_pending
entry-02324,tome,True,False,unmapped_observation;source_local_parsing_pending
entry-02325,tome,True,False,unmapped_observation;source_local_parsing_pending
entry-02326,tome,True,True,unmapped_observation;source_local_parsing_pending;reported_observation_not_claim_mapped
entry-02327,tome,True,True,unmapped_observation;source_local_parsing_pending;pending_fact_or_source;reported_observation_not_claim_mapped
entry-02328,tome,True,False,unmapped_observation;source_local_parsing_pending
entry-02329,tome,True,False,unmapped_observation;source_local_parsing_pending
entry-02330,tome,True,False,unmapped_observation;source_local_parsing_pending
entry-02331,tome,True,False,unmapped_observation;source_local_parsing_pending
entry-02332,tome,True,False,unmapped_observation;source_local_parsing_pending
entry-02333,tome,True,False,unmapped_observation;source_local_parsing_pending
entry-02334,tome,True,False,unmapped_observation;source_local_parsing_pending
entry-02335,tome,True,False,unmapped_observation;source_local_parsing_pending
entry-02336,tome,True,False,unmapped_observation;source_local_parsing_pending
entry-02337,tome,True,True,unmapped_observation;source_local_parsing_pending;reported_observation_not_claim_mapped
entry-02338,tome,True,False,unmapped_observation;source_local_parsing_pending
entry-02339,tome,True,False,unmapped_observation;source_local_parsing_pending
entry-02340,tome,True,False,unmapped_observation;source_local_parsing_pending
entry-02341,tome,True,False,unmapped_observation;source_local_parsing_pending
entry-02342,tome,True,False,unmapped_observation;source_local_parsing_pending
entry-02343,tome,True,True,unmapped_observation;source_local_parsing_pending;reported_observation_not_claim_mapped
entry-02344,tome,True,True,unmapped_observation;source_local_parsing_pending;reported_observation_not_claim_mapped
entry-02345,tome,True,True,unmapped_observation;source_local_parsing_pending;reported_observation_not_claim_mapped
entry-02346,tome,True,True,unmapped_observation;source_local_parsing_pending;reported_observation_not_claim_mapped
entry-02347,tome,True,True,unmapped_observation;source_local_parsing_pending;reported_observation_not_claim_mapped
entry-02348,tome,True,False,unmapped_observation;source_local_parsing_pending
entry-02349,tome,True,False,unmapped_observation;source_local_parsing_pending
entry-02350,tome,True,False,
entry-02351,tome,True,False,
entry-02352,tome,True,True,unmapped_observation;reported_observation_not_claim_mapped
entry-02353,tome,True,False,
entry-02354,tome,True,True,unmapped_observation;pending_fact_or_source;reported_observation_not_claim_mapped
entry-02355,tome,True,False,
entry-02356,tome,True,True,unmapped_observation;pending_fact_or_source;reported_observation_not_claim_mapped
entry-02357,tome,True,False,
entry-02358,tome,True,False,
entry-02359,tome,True,False,
entry-02360,tome,True,True,unmapped_observation;source_local_parsing_pending;pending_fact_or_source;reported_observation_not_claim_mapped
entry-02361,tome,True,False,
entry-02362,tome,True,False,
entry-02363,tome,True,False,
entry-02364,tome,True,False,
entry-02365,tome,True,False,
entry-02366,tome,True,False,
entry-02367,tome,True,False,
entry-02368,tome,True,False,
entry-02369,tome,True,False,
entry-02370,tome,True,False,
entry-02371,tome,True,False,
entry-02372,tome,True,False,
entry-02373,tome,True,False,
entry-02374,tome,True,False,
entry-02375,tome,True,False,
entry-02376,tome,True,False,
entry-02377,tome,True,False,
entry-02378,tome,True,False,
entry-02379,tome,True,False,
entry-02380,tome,True,True,unmapped_observation;reported_observation_not_claim_mapped
entry-02381,tome,True,True,unmapped_observation;pending_fact_or_source;reported_observation_not_claim_mapped
entry-02382,tome,True,False,
entry-02383,tome,True,False,
entry-02384,tome,True,False,
entry-02385,tome,True,False,
entry-02386,tome,True,False,
entry-02387,tome,True,False,
entry-02388,tome,True,False,unmapped_observation;source_local_parsing_pending
entry-02389,tome,True,False,
entry-02390,tome,True,False,
entry-02391,tome,True,True,unmapped_observation;reported_observation_not_claim_mapped
entry-02392,tome,True,True,unmapped_observation;pending_fact_or_source;reported_observation_not_claim_mapped
entry-02393,tome,True,True,unmapped_observation;source_local_parsing_pending;reported_observation_not_claim_mapped
entry-02394,tome,True,True,unmapped_observation;pending_fact_or_source;reported_observation_not_claim_mapped
entry-02395,tome,True,False,
entry-02396,tome,True,False,
entry-02397,tome,True,False,
entry-02398,tome,True,False,
entry-02399,tome,True,True,unmapped_observation;reported_observation_not_claim_mapped
entry-02400,tome,True,False,
entry-02401,tome,True,False,
entry-02402,tome,True,False,
entry-02403,tome,True,False,
entry-02404,tome,True,False,
entry-02405,tome,True,False,
entry-02406,tome,True,False,
entry-02407,tome,True,False,
entry-02408,tome,True,False,
entry-02409,tome,True,False,
entry-02410,tome,True,False,
entry-02411,tome,True,False,
entry-02412,tome,True,False,
entry-02413,tome,True,False,
entry-02414,tome,True,False,
entry-02415,tome,True,False,
entry-02416,tome,True,False,
entry-02417,tome,True,False,
entry-02418,tome,True,False,
entry-02419,tome,True,False,
entry-02420,tome,True,False,
entry-02421,tome,True,False,
entry-02422,tome,True,True,unmapped_observation;pending_fact_or_source;reported_observation_not_claim_mapped
entry-02423,tome,True,False,
entry-02424,tome,True,False,
entry-02425,tome,True,True,unmapped_observation;source_local_parsing_pending;pending_fact_or_source;reported_observation_not_claim_mapped
entry-02426,tome,True,True,unmapped_observation;source_local_parsing_pending;pending_fact_or_source;reported_observation_not_claim_mapped
entry-02427,tome,True,True,unmapped_observation;source_local_parsing_pending;pending_fact_or_source;reported_observation_not_claim_mapped
entry-02428,tome,True,True,unmapped_observation;pending_fact_or_source;reported_observation_not_claim_mapped
entry-02429,tome,True,False,
entry-02430,tome,True,False,
entry-02431,tome,True,False,
entry-02432,tome,True,False,
entry-02433,tome,True,False,
entry-02434,tome,True,False,
entry-02435,tome,True,True,unmapped_observation;pending_fact_or_source;reported_observation_not_claim_mapped
entry-02436,tome,True,False,
entry-02437,tome,True,False,
entry-02438,tome,True,False,
entry-02439,tome,True,True,unmapped_observation;reported_observation_not_claim_mapped
entry-02440,tome,True,False,
entry-02441,tome,True,False,
entry-02442,tome,True,False,
entry-02443,tome,True,False,
entry-02444,tome,True,False,
entry-02445,tome,True,False,
entry-02446,tome,True,False,
entry-02447,tome,True,False,
entry-02448,tome,True,False,
entry-02449,tome,True,True,unmapped_observation;reported_observation_not_claim_mapped
entry-02450,tome,True,False,
entry-02451,tome,True,True,unmapped_observation;reported_observation_not_claim_mapped
entry-02452,tome,True,False,
entry-02453,tome,True,False,
entry-02454,tome,True,False,
entry-02455,tome,True,False,
entry-02456,tome,True,True,unmapped_observation;pending_fact_or_source;reported_observation_not_claim_mapped
entry-02457,tome,True,False,
entry-02458,tome,True,False,
entry-02459,tome,True,False,
entry-02460,tome,True,True,unmapped_observation;source_local_parsing_pending;reported_observation_not_claim_mapped
entry-02461,tome,True,False,
entry-02462,tome,True,False,
entry-02463,tome,True,False,
entry-02464,tome,True,False,
entry-02465,tome,True,False,
entry-02466,tome,True,True,unmapped_observation;pending_fact_or_source;reported_observation_not_claim_mapped
entry-02467,tome,True,False,
entry-02468,tome,True,False,
entry-02469,tome,True,False,unmapped_observation;source_local_parsing_pending
entry-02470,tome,True,False,
entry-02471,tome,True,False,
entry-02472,tome,True,False,
entry-02473,tome,True,False,
entry-02474,tome,True,True,unmapped_observation;source_local_parsing_pending;reported_observation_not_claim_mapped
entry-02475,tome,True,False,
entry-02476,tome,True,False,
entry-02477,tome,True,False,
entry-02478,tome,True,False,
entry-02479,tome,True,False,
entry-02480,tome,True,False,
entry-02481,tome,True,False,
entry-02482,tome,True,False,
entry-02483,tome,True,False,
entry-02484,tome,True,False,
entry-02485,tome,True,False,
entry-02486,tome,True,False,
entry-02487,tome,True,False,
entry-02488,tome,True,False,
entry-02489,tome,True,True,unmapped_observation;source_local_parsing_pending;pending_fact_or_source;reported_observation_not_claim_mapped
entry-02490,tome,True,False,
entry-02491,tome,True,False,
entry-02492,tome,True,False,
entry-02493,tome,True,False,
entry-02494,tome,True,False,
entry-02495,tome,True,False,
entry-02496,tome,True,False,
entry-02497,tome,True,False,
entry-02498,tome,True,False,
entry-02499,tome,True,False,
entry-02500,tome,True,True,unmapped_observation;source_local_parsing_pending;pending_fact_or_source;reported_observation_not_claim_mapped
entry-02501,tome,True,False,
entry-02502,tome,True,False,
entry-02503,tome,True,False,
entry-02504,tome,True,False,
entry-02505,tome,True,False,
entry-02506,tome,True,True,unmapped_observation;source_local_parsing_pending;pending_fact_or_source;reported_observation_not_claim_mapped
entry-02507,tome,True,False,
entry-02508,tome,True,False,
entry-02509,tome,True,False,unmapped_observation;source_local_parsing_pending
entry-02510,tome,True,False,
entry-02511,tome,True,False,
entry-02512,tome,True,False,
entry-02513,tome,True,False,
entry-02514,tome,True,False,
entry-02515,tome,True,False,
entry-02516,tome,True,False,
entry-02517,tome,True,False,
entry-02518,tome,True,False,
entry-02519,tome,True,False,
entry-02520,tome,True,True,unmapped_observation;source_local_parsing_pending;pending_fact_or_source;reported_observation_not_claim_mapped
entry-02521,tome,True,True,unmapped_observation;source_local_parsing_pending;reported_observation_not_claim_mapped
entry-02522,tome,True,True,unmapped_observation;source_local_parsing_pending;pending_fact_or_source;reported_observation_not_claim_mapped
entry-02523,tome,True,True,unmapped_observation;source_local_parsing_pending;reported_observation_not_claim_mapped
entry-02524,tome,True,True,unmapped_observation;source_local_parsing_pending;pending_fact_or_source;reported_observation_not_claim_mapped
entry-02525,tome,True,False,
entry-02526,tome,True,False,
entry-02527,tome,True,False,
entry-02528,tome,True,False,
entry-02529,tome,True,False,
entry-02530,tome,True,True,unmapped_observation;source_local_parsing_pending;reported_observation_not_claim_mapped
entry-02531,tome,True,False,
entry-02532,tome,True,False,
entry-02533,tome,True,True,unmapped_observation;source_local_parsing_pending;reported_observation_not_claim_mapped
entry-02534,tome,True,True,unmapped_observation;source_local_parsing_pending;reported_observation_not_claim_mapped
entry-02535,tome,True,False,
entry-02536,tome,True,False,
entry-02537,tome,True,False,unmapped_observation;source_local_parsing_pending
entry-02538,tome,True,True,unmapped_observation;source_local_parsing_pending;reported_observation_not_claim_mapped
entry-02539,tome,True,False,
entry-02540,tome,True,False,
entry-02541,tome,True,True,unmapped_observation;source_local_parsing_pending;reported_observation_not_claim_mapped
entry-02542,tome,True,False,
entry-02543,tome,True,False,
entry-02544,tome,True,False,
entry-02545,tome,True,True,unmapped_observation;source_local_parsing_pending;reported_observation_not_claim_mapped
entry-02546,tome,True,False,
entry-02547,tome,True,False,
entry-02548,tome,True,False,
entry-02549,tome,True,False,
entry-02550,tome,True,False,
entry-02551,tome,True,False,
entry-02552,tome,True,True,unmapped_observation;source_local_parsing_pending;pending_fact_or_source;reported_observation_not_claim_mapped
entry-02553,tome,True,False,
entry-02554,tome,True,False,
entry-02555,tome,True,True,unmapped_observation;source_local_parsing_pending;reported_observation_not_claim_mapped
entry-02556,tome,True,False,
entry-02557,tome,True,True,unmapped_observation;source_local_parsing_pending;reported_observation_not_claim_mapped
entry-02558,tome,True,False,
entry-02559,tome,True,True,unmapped_observation;source_local_parsing_pending;reported_observation_not_claim_mapped
entry-02560,tome,True,False,
entry-02561,tome,True,False,
entry-02562,tome,True,False,
entry-02563,tome,True,False,
entry-02564,tome,True,False,
entry-02565,tome,True,True,unmapped_observation;source_local_parsing_pending;reported_observation_not_claim_mapped
entry-02566,tome,True,False,
entry-02567,tome,True,False,
entry-02568,tome,True,True,unmapped_observation;source_local_parsing_pending;reported_observation_not_claim_mapped
entry-02569,tome,True,False,
entry-02570,tome,True,True,unmapped_observation;source_local_parsing_pending;reported_observation_not_claim_mapped
entry-02571,tome,True,False,
entry-02572,tome,True,False,
entry-02573,tome,True,False,
entry-02574,tome,True,False,
entry-02575,tome,True,False,
entry-02576,tome,True,True,unmapped_observation;source_local_parsing_pending;reported_observation_not_claim_mapped
entry-02577,tome,True,False,
entry-02578,tome,True,False,
entry-02579,tome,True,True,unmapped_observation;source_local_parsing_pending;reported_observation_not_claim_mapped
entry-02580,tome,True,False,
entry-02581,tome,True,False,
entry-02582,tome,True,False,
entry-02583,tome,True,False,
entry-02584,tome,True,False,
entry-02585,tome,True,False,
entry-02586,tome,True,True,unmapped_observation;source_local_parsing_pending;reported_observation_not_claim_mapped
entry-02587,tome,True,False,
entry-02588,tome,True,False,
entry-02589,tome,True,False,
entry-02590,tome,True,False,
entry-02591,tome,True,False,
entry-02592,tome,True,False,
entry-02593,tome,True,False,
entry-02594,tome,True,False,
entry-02595,tome,True,False,
entry-02596,tome,True,False,
entry-02597,tome,True,False,
entry-02598,tome,True,True,unmapped_observation;source_local_parsing_pending;reported_observation_not_claim_mapped
entry-02599,tome,True,True,unmapped_observation;source_local_parsing_pending;pending_fact_or_source;reported_observation_not_claim_mapped
entry-02600,tome,True,False,
entry-02601,tome,True,True,unmapped_observation;source_local_parsing_pending;pending_fact_or_source;reported_observation_not_claim_mapped
entry-02602,tome,True,False,
entry-02603,tome,True,False,
entry-02604,tome,True,False,
entry-02605,tome,True,False,
entry-02606,tome,True,False,
entry-02607,tome,True,False,
entry-02608,tome,True,False,
entry-02609,tome,True,True,unmapped_observation;pending_fact_or_source;reported_observation_not_claim_mapped
entry-02610,tome,True,False,
entry-02611,tome,True,False,unmapped_observation;source_local_parsing_pending
entry-02612,tome,True,False,
entry-02613,tome,True,False,
entry-02614,tome,True,True,unmapped_observation;reported_observation_not_claim_mapped
entry-02615,tome,True,False,
entry-02616,tome,True,False,
entry-02617,tome,True,False,
entry-02618,tome,True,False,
entry-02619,tome,True,False,
entry-02620,tome,True,False,
entry-02621,tome,True,False,
entry-02622,tome,True,False,
entry-02623,tome,True,False,
entry-02624,tome,True,False,
entry-02625,tome,True,False,
entry-02626,tome,True,False,
entry-02627,tome,True,False,
entry-02628,tome,True,False,
entry-02629,tome,True,False,
entry-02630,tome,True,False,
entry-02631,tome,True,False,
entry-02632,tome,True,False,
entry-02633,tome,True,False,
entry-02634,tome,True,False,
entry-02635,tome,True,False,
entry-02636,tome,True,True,unmapped_observation;reported_observation_not_claim_mapped
entry-02637,tome,True,True,unmapped_observation;reported_observation_not_claim_mapped
entry-02638,tome,True,True,unmapped_observation;pending_fact_or_source;reported_observation_not_claim_mapped
entry-02639,tome,True,False,
entry-02640,tome,True,True,unmapped_observation;reported_observation_not_claim_mapped
entry-02641,tome,True,False,
entry-02642,tome,True,False,
entry-02643,tome,True,True,unmapped_observation;pending_fact_or_source;reported_observation_not_claim_mapped
entry-02644,tome,True,True,unmapped_observation;pending_fact_or_source;reported_observation_not_claim_mapped
entry-02645,tome,True,False,
entry-02646,tome,True,False,
entry-02647,tome,True,False,
entry-02648,tome,True,False,
entry-02649,tome,True,False,
entry-02650,tome,True,False,
entry-02651,tome,True,False,
entry-02652,tome,True,False,unmapped_observation;source_local_parsing_pending
entry-02653,tome,True,False,unmapped_observation;source_local_parsing_pending
entry-02654,tome,True,False,unmapped_observation;source_local_parsing_pending
entry-02655,tome,True,False,unmapped_observation;source_local_parsing_pending
entry-02656,tome,True,False,unmapped_observation;source_local_parsing_pending
entry-02657,tome,True,False,unmapped_observation;source_local_parsing_pending
entry-02658,tome,True,False,unmapped_observation;source_local_parsing_pending
entry-02659,tome,True,False,unmapped_observation;source_local_parsing_pending
entry-02660,tome,True,False,unmapped_observation;source_local_parsing_pending
entry-02661,tome,True,False,unmapped_observation;source_local_parsing_pending
entry-02662,tome,True,False,unmapped_observation;source_local_parsing_pending
entry-02663,tome,True,False,unmapped_observation;source_local_parsing_pending
entry-02664,tome,True,False,unmapped_observation;source_local_parsing_pending
entry-02665,tome,True,False,unmapped_observation;source_local_parsing_pending
entry-02666,tome,True,False,unmapped_observation;source_local_parsing_pending
entry-02667,tome,True,False,unmapped_observation;source_local_parsing_pending
entry-02668,tome,True,False,unmapped_observation;source_local_parsing_pending
entry-02669,tome,True,False,unmapped_observation;source_local_parsing_pending
entry-02670,tome,True,False,unmapped_observation;source_local_parsing_pending
entry-02671,tome,True,False,unmapped_observation;source_local_parsing_pending
entry-02672,tome,True,False,unmapped_observation;source_local_parsing_pending
entry-02673,tome,True,False,unmapped_observation;source_local_parsing_pending
entry-02674,tome,True,False,unmapped_observation;source_local_parsing_pending
entry-02675,tome,True,False,unmapped_observation;source_local_parsing_pending
entry-02676,tome,True,False,unmapped_observation;source_local_parsing_pending
entry-02677,tome,True,False,unmapped_observation;source_local_parsing_pending
entry-02678,tome,True,False,unmapped_observation;source_local_parsing_pending
entry-02679,tome,True,False,unmapped_observation;source_local_parsing_pending
entry-02680,tome,True,False,unmapped_observation;source_local_parsing_pending
entry-02681,tome,True,False,unmapped_observation;source_local_parsing_pending
entry-02682,tome,True,False,unmapped_observation;source_local_parsing_pending
entry-02683,tome,True,False,unmapped_observation;source_local_parsing_pending
entry-02684,tome,True,False,unmapped_observation;source_local_parsing_pending
entry-02685,tome,True,False,unmapped_observation;source_local_parsing_pending
entry-02686,tome,True,False,unmapped_observation;source_local_parsing_pending
entry-02687,tome,True,False,unmapped_observation;source_local_parsing_pending
entry-02688,tome,True,True,unmapped_observation;source_local_parsing_pending;reported_observation_not_claim_mapped
entry-02689,tome,True,False,unmapped_observation;source_local_parsing_pending
entry-02690,tome,True,False,unmapped_observation;source_local_parsing_pending
entry-02691,tome,True,False,unmapped_observation;source_local_parsing_pending;pending_fact_or_source;reported_observation_not_claim_mapped;reported_suspicion_not_cross_reviewed
entry-02692,tome,True,False,
entry-02693,tome,True,False,
entry-02694,tome,True,True,unmapped_observation;source_local_parsing_pending;pending_fact_or_source;reported_observation_not_claim_mapped
entry-02695,tome,True,False,
entry-02696,tome,True,False,
entry-02697,tome,True,False,
entry-02698,tome,True,False,
entry-02699,tome,True,False,
entry-02700,tome,True,True,unmapped_observation;source_local_parsing_pending;reported_observation_not_claim_mapped
entry-02701,tome,True,False,
entry-02702,tome,True,False,
entry-02703,tome,True,False,
entry-02704,tome,True,False,
entry-02705,tome,True,False,
entry-02706,tome,True,False,
entry-02707,tome,True,False,
entry-02708,tome,True,False,
entry-02709,tome,True,False,
entry-02710,tome,True,False,
entry-02711,tome,True,False,
entry-02712,tome,True,False,
entry-02713,tome,True,False,
entry-02714,tome,True,False,
entry-02715,tome,True,False,
entry-02716,tome,True,False,
entry-02717,tome,True,False,
entry-02718,tome,True,False,
entry-02719,tome,True,False,
entry-02720,tome,True,False,
entry-02721,tome,True,False,
entry-02722,tome,True,False,
entry-02723,tome,True,False,
entry-02724,tome,True,False,
entry-02725,tome,True,False,
entry-02726,tome,True,False,
entry-02727,tome,True,False,
entry-02728,tome,True,False,
entry-02729,tome,True,False,
entry-02730,tome,True,False,
entry-02731,tome,True,False,unmapped_observation;pending_fact_or_source;reported_observation_not_claim_mapped;reported_suspicion_not_cross_reviewed
entry-02732,tome,True,False,unmapped_observation;source_local_parsing_pending
entry-02733,tome,True,False,
entry-02734,tome,True,False,
entry-02735,tome,True,True,unmapped_observation;source_local_parsing_pending;pending_fact_or_source;reported_observation_not_claim_mapped
entry-02736,tome,True,False,
entry-02737,tome,True,False,
entry-02738,tome,True,False,
entry-02739,tome,True,False,
entry-02740,tome,True,True,unmapped_observation;source_local_parsing_pending;pending_fact_or_source;reported_observation_not_claim_mapped
entry-02741,tome,True,False,
entry-02742,tome,True,False,
entry-02743,tome,True,False,
entry-02744,tome,True,False,
entry-02745,tome,True,False,
entry-02746,tome,True,False,
entry-02747,tome,True,True,unmapped_observation;source_local_parsing_pending;reported_observation_not_claim_mapped
entry-02748,tome,True,False,
entry-02749,tome,True,False,
entry-02750,tome,True,False,
entry-02751,tome,True,False,
entry-02752,tome,True,False,
entry-02753,tome,True,False,
entry-02754,tome,True,False,
entry-02755,tome,True,False,
entry-02756,tome,True,False,
entry-02757,tome,True,False,
entry-02758,tome,True,False,
entry-02759,tome,True,True,unmapped_observation;source_local_parsing_pending;pending_fact_or_source;reported_observation_not_claim_mapped
entry-02760,tome,True,False,
entry-02761,tome,True,False,
entry-02762,tome,True,False,
entry-02763,tome,True,True,unmapped_observation;source_local_parsing_pending;pending_fact_or_source;reported_observation_not_claim_mapped
entry-02764,tome,True,True,unmapped_observation;source_local_parsing_pending;reported_observation_not_claim_mapped
entry-02765,tome,True,True,unmapped_observation;source_local_parsing_pending;pending_fact_or_source;reported_observation_not_claim_mapped
entry-02766,tome,True,False,
entry-02767,tome,True,False,
entry-02768,tome,True,False,
entry-02769,tome,True,False,
entry-02770,tome,True,False,
entry-02771,tome,True,False,unmapped_observation;pending_fact_or_source;reported_observation_not_claim_mapped;reported_suspicion_not_cross_reviewed
entry-02772,tome,True,False,
entry-02773,tome,True,False,
entry-02774,tome,True,False,
entry-02775,tome,True,True,unmapped_observation;source_local_parsing_pending;reported_observation_not_claim_mapped
entry-02776,tome,True,False,
entry-02777,tome,True,False,
entry-02778,tome,True,False,
entry-02779,tome,True,False,
entry-02780,tome,True,False,
entry-02781,tome,True,False,
entry-02782,tome,True,False,
entry-02783,tome,True,False,
entry-02784,tome,True,False,
entry-02785,tome,True,False,
entry-02786,tome,True,False,
entry-02787,tome,True,False,
entry-02788,tome,True,False,
entry-02789,tome,True,True,unmapped_observation;source_local_parsing_pending;reported_observation_not_claim_mapped
entry-02790,tome,True,True,unmapped_observation;source_local_parsing_pending;pending_fact_or_source;reported_observation_not_claim_mapped
entry-02791,tome,True,True,unmapped_observation;source_local_parsing_pending;pending_fact_or_source;reported_observation_not_claim_mapped
entry-02792,tome,True,False,
entry-02793,tome,True,False,
entry-02794,tome,True,False,
entry-02795,tome,True,False,
entry-02796,tome,True,False,
entry-02797,tome,True,False,
entry-02798,tome,True,True,unmapped_observation;source_local_parsing_pending;pending_fact_or_source;reported_observation_not_claim_mapped
entry-02799,tome,True,False,
entry-02800,tome,True,False,
entry-02801,tome,True,True,unmapped_observation;source_local_parsing_pending;reported_observation_not_claim_mapped
entry-02802,tome,True,False,
entry-02803,tome,True,False,
entry-02804,tome,True,False,
entry-02805,tome,True,True,unmapped_observation;source_local_parsing_pending;pending_fact_or_source;reported_observation_not_claim_mapped
entry-02806,tome,True,True,unmapped_observation;source_local_parsing_pending;reported_observation_not_claim_mapped
entry-02807,tome,True,True,unmapped_observation;source_local_parsing_pending;reported_observation_not_claim_mapped
entry-02808,tome,True,False,
entry-02809,tome,True,False,
entry-02810,tome,True,False,
entry-02811,tome,True,False,unmapped_observation;source_local_parsing_pending
entry-02812,tome,True,False,
entry-02813,tome,True,False,
entry-02814,tome,True,False,
entry-02815,tome,True,False,
entry-02816,tome,True,False,
entry-02817,tome,True,False,
entry-02818,tome,True,False,
entry-02819,tome,True,False,
entry-02820,tome,True,False,
entry-02821,tome,True,False,
entry-02822,tome,True,False,
entry-02823,tome,True,False,
entry-02824,tome,True,False,
entry-02825,tome,True,False,
entry-02826,tome,True,False,
entry-02827,tome,True,False,
entry-02828,tome,True,True,unmapped_observation;reported_observation_not_claim_mapped
entry-02829,tome,True,False,
entry-02830,tome,True,True,unmapped_observation;reported_observation_not_claim_mapped
entry-02831,tome,True,False,
entry-02832,tome,True,False,
entry-02833,tome,True,False,
entry-02834,tome,True,False,
entry-02835,tome,True,False,
entry-02836,tome,True,False,
entry-02837,tome,True,False,
entry-02838,tome,True,False,
entry-02839,tome,True,False,
entry-02840,tome,True,False,
entry-02841,tome,True,False,
entry-02842,tome,True,False,
entry-02843,tome,True,False,
entry-02844,tome,True,False,
entry-02845,tome,True,False,
entry-02846,tome,True,True,unmapped_observation;reported_observation_not_claim_mapped
entry-02847,tome,True,False,
entry-02848,tome,True,False,
entry-02849,tome,True,True,unmapped_observation;pending_fact_or_source;reported_observation_not_claim_mapped
entry-02850,tome,True,True,unmapped_observation;pending_fact_or_source;reported_observation_not_claim_mapped
entry-02851,tome,True,False,
entry-02852,tome,True,False,unmapped_observation;source_local_parsing_pending
entry-02853,tome,True,False,unmapped_observation;source_local_parsing_pending
entry-02854,tome,True,False,unmapped_observation;source_local_parsing_pending
entry-02855,tome,True,False,unmapped_observation;source_local_parsing_pending
entry-02856,tome,True,True,unmapped_observation;source_local_parsing_pending
entry-02857,tome,True,False,unmapped_observation;source_local_parsing_pending
entry-02858,tome,True,True,unmapped_observation;source_local_parsing_pending
entry-02859,tome,True,False,unmapped_observation;source_local_parsing_pending
entry-02860,tome,True,False,unmapped_observation;source_local_parsing_pending
entry-02861,tome,True,False,unmapped_observation;source_local_parsing_pending
entry-02862,tome,True,False,unmapped_observation;source_local_parsing_pending
entry-02863,tome,True,False,unmapped_observation;source_local_parsing_pending
entry-02864,tome,True,False,unmapped_observation;source_local_parsing_pending
entry-02865,tome,True,False,unmapped_observation;source_local_parsing_pending
entry-02866,tome,True,True,unmapped_observation;source_local_parsing_pending
entry-02867,tome,True,False,unmapped_observation;source_local_parsing_pending
entry-02868,tome,True,False,unmapped_observation;source_local_parsing_pending
entry-02869,tome,True,False,unmapped_observation;source_local_parsing_pending
entry-02870,tome,True,False,unmapped_observation;source_local_parsing_pending
entry-02871,tome,True,False,unmapped_observation;source_local_parsing_pending
entry-02872,tome,True,False,unmapped_observation;source_local_parsing_pending
entry-02873,tome,True,False,unmapped_observation;source_local_parsing_pending
entry-02874,tome,True,False,unmapped_observation;source_local_parsing_pending
entry-02875,tome,True,False,unmapped_observation;source_local_parsing_pending
entry-02876,tome,True,False,unmapped_observation;source_local_parsing_pending
entry-02877,tome,True,False,unmapped_observation;source_local_parsing_pending
entry-02878,tome,True,False,unmapped_observation;source_local_parsing_pending
entry-02879,tome,True,False,unmapped_observation;source_local_parsing_pending
entry-02880,tome,True,False,unmapped_observation;source_local_parsing_pending
entry-02881,tome,True,False,unmapped_observation;source_local_parsing_pending
entry-02882,tome,True,False,unmapped_observation;source_local_parsing_pending
entry-02883,tome,True,False,unmapped_observation;source_local_parsing_pending
entry-02884,tome,True,False,unmapped_observation;source_local_parsing_pending
entry-02885,tome,True,False,unmapped_observation;source_local_parsing_pending
entry-02886,tome,True,False,unmapped_observation;source_local_parsing_pending
entry-02887,tome,True,False,unmapped_observation;source_local_parsing_pending
entry-02888,tome,True,False,unmapped_observation;source_local_parsing_pending
entry-02889,tome,True,False,unmapped_observation;source_local_parsing_pending
entry-02890,tome,True,False,unmapped_observation;source_local_parsing_pending
entry-02891,tome,True,True,unmapped_observation;source_local_parsing_pending
entry-02892,tome,True,False,
entry-02893,tome,True,False,
entry-02894,tome,True,False,
entry-02895,tome,True,False,
entry-02896,tome,True,False,
entry-02897,tome,True,False,
entry-02898,tome,True,False,
entry-02899,tome,True,False,
entry-02900,tome,True,False,
entry-02901,tome,True,False,
entry-02902,tome,True,False,
entry-02903,tome,True,False,
entry-02904,tome,True,False,
entry-02905,tome,True,False,
entry-02906,tome,True,False,
entry-02907,tome,True,False,
entry-02908,tome,True,False,
entry-02909,tome,True,False,
entry-02910,tome,True,False,
entry-02911,tome,True,False,
entry-02912,tome,True,False,
entry-02913,tome,True,False,
entry-02914,tome,True,False,
entry-02915,tome,True,False,
entry-02916,tome,True,False,
entry-02917,tome,True,False,
entry-02918,tome,True,False,
entry-02919,tome,True,False,
entry-02920,tome,True,False,
entry-02921,tome,True,True,unmapped_observation;reported_observation_not_claim_mapped
entry-02922,tome,True,False,
entry-02923,tome,True,False,
entry-02924,tome,True,False,
entry-02925,tome,True,False,
entry-02926,tome,True,False,
entry-02927,tome,True,True,unmapped_observation;reported_observation_not_claim_mapped
entry-02928,tome,True,False,
entry-02929,tome,True,True,unmapped_observation;reported_observation_not_claim_mapped
entry-02930,tome,True,False,
entry-02931,tome,True,False,
entry-02932,tome,True,False,unmapped_observation;source_local_parsing_pending
entry-02933,tome,True,False,unmapped_observation;source_local_parsing_pending
entry-02934,tome,True,False,unmapped_observation;source_local_parsing_pending
entry-02935,tome,True,False,unmapped_observation;source_local_parsing_pending
entry-02936,tome,True,False,unmapped_observation;source_local_parsing_pending
entry-02937,tome,True,True,unmapped_observation;source_local_parsing_pending;reported_observation_not_claim_mapped
entry-02938,tome,True,False,unmapped_observation;source_local_parsing_pending
entry-02939,tome,True,False,unmapped_observation;source_local_parsing_pending
entry-02940,tome,True,False,unmapped_observation;source_local_parsing_pending
entry-02941,tome,True,False,unmapped_observation;source_local_parsing_pending
entry-02942,tome,True,False,unmapped_observation;source_local_parsing_pending
entry-02943,tome,True,False,unmapped_observation;source_local_parsing_pending
entry-02944,tome,True,False,unmapped_observation;source_local_parsing_pending
entry-02945,tome,True,False,unmapped_observation;source_local_parsing_pending
entry-02946,tome,True,False,unmapped_observation;source_local_parsing_pending
entry-02947,tome,True,False,unmapped_observation;source_local_parsing_pending
entry-02948,tome,True,False,unmapped_observation;source_local_parsing_pending
entry-02949,tome,True,False,unmapped_observation;source_local_parsing_pending
entry-02950,tome,True,False,unmapped_observation;source_local_parsing_pending
entry-02951,tome,True,False,unmapped_observation;source_local_parsing_pending
entry-02952,tome,True,False,unmapped_observation;source_local_parsing_pending
entry-02953,tome,True,False,unmapped_observation;source_local_parsing_pending
entry-02954,tome,True,False,unmapped_observation;source_local_parsing_pending
entry-02955,tome,True,False,unmapped_observation;source_local_parsing_pending
entry-02956,tome,True,False,unmapped_observation;source_local_parsing_pending
entry-02957,tome,True,True,unmapped_observation;source_local_parsing_pending;reported_observation_not_claim_mapped
entry-02958,tome,True,False,unmapped_observation;source_local_parsing_pending
entry-02959,tome,True,False,unmapped_observation;source_local_parsing_pending
entry-02960,tome,True,False,unmapped_observation;source_local_parsing_pending
entry-02961,tome,True,False,unmapped_observation;source_local_parsing_pending
entry-02962,tome,True,False,unmapped_observation;source_local_parsing_pending
entry-02963,tome,True,False,unmapped_observation;source_local_parsing_pending
entry-02964,tome,True,False,unmapped_observation;source_local_parsing_pending
entry-02965,tome,True,False,unmapped_observation;source_local_parsing_pending
entry-02966,tome,True,False,unmapped_observation;source_local_parsing_pending
entry-02967,tome,True,True,unmapped_observation;source_local_parsing_pending;reported_observation_not_claim_mapped
entry-02968,tome,True,False,unmapped_observation;source_local_parsing_pending
entry-02969,tome,True,False,unmapped_observation;source_local_parsing_pending
entry-02970,tome,True,False,unmapped_observation;source_local_parsing_pending
entry-02971,tome,True,False,unmapped_observation;source_local_parsing_pending
entry-02972,tome,True,False,
entry-02973,tome,True,True,unmapped_observation;reported_observation_not_claim_mapped
entry-02974,tome,True,False,
entry-02975,tome,True,False,
entry-02976,tome,True,False,
entry-02977,tome,True,False,
entry-02978,tome,True,False,
entry-02979,tome,True,False,
entry-02980,tome,True,False,
entry-02981,tome,True,False,
entry-02982,tome,True,True,unmapped_observation;reported_observation_not_claim_mapped
entry-02983,tome,True,False,
entry-02984,tome,True,False,
entry-02985,tome,True,False,
entry-02986,tome,True,False,
entry-02987,tome,True,False,
entry-02988,tome,True,False,
entry-02989,tome,True,False,
entry-02990,tome,True,False,
entry-02991,tome,True,False,
entry-02992,tome,True,False,
entry-02993,tome,True,False,
entry-02994,tome,True,False,
entry-02995,tome,True,False,
entry-02996,tome,True,False,
entry-02997,tome,True,False,
entry-02998,tome,True,False,
entry-02999,tome,True,False,
entry-03000,tome,True,False,
entry-03001,tome,True,False,
entry-03002,tome,True,False,
entry-03003,tome,True,False,
entry-03004,tome,True,False,
entry-03005,tome,True,False,
entry-03006,tome,True,False,
entry-03007,tome,True,False,
entry-03008,tome,True,False,
entry-03009,tome,True,False,
entry-03010,tome,True,False,
entry-03011,tome,True,False,
entry-03012,tome,True,False,
entry-03013,tome,True,False,
entry-03014,tome,True,False,
entry-03015,tome,True,False,
entry-03016,tome,True,False,
entry-03017,tome,True,False,
entry-03018,tome,True,False,
entry-03019,tome,True,False,
entry-03020,tome,True,False,
entry-03021,tome,True,False,
entry-03022,tome,True,False,
entry-03023,tome,True,True,unmapped_observation;pending_fact_or_source;reported_observation_not_claim_mapped
entry-03024,tome,True,False,
entry-03025,tome,True,True,unmapped_observation;pending_fact_or_source;reported_observation_not_claim_mapped
entry-03026,tome,True,False,
entry-03027,tome,True,True,unmapped_observation;pending_fact_or_source;reported_observation_not_claim_mapped
entry-03028,tome,True,False,
entry-03029,tome,True,False,
entry-03030,tome,True,False,
entry-03031,tome,True,False,
entry-03032,tome,True,False,
entry-03033,tome,True,False,
entry-03034,tome,True,False,
entry-03035,tome,True,False,
entry-03036,tome,True,False,
entry-03037,tome,True,False,
entry-03038,tome,True,False,
entry-03039,tome,True,False,
entry-03040,tome,True,False,
entry-03041,tome,True,False,
entry-03042,tome,True,False,
entry-03043,tome,True,False,
entry-03044,tome,True,False,
entry-03045,tome,True,False,unmapped_observation;source_local_parsing_pending
entry-03046,tome,True,False,
entry-03047,tome,True,False,
entry-03048,tome,True,False,
entry-03049,tome,True,False,
entry-03050,tome,True,False,
entry-03051,tome,True,False,unmapped_observation;pending_fact_or_source;reported_observation_not_claim_mapped;reported_suspicion_not_cross_reviewed
entry-03052,tome,True,False,
entry-03053,tome,True,False,
entry-03054,tome,True,False,
entry-03055,tome,True,False,
entry-03056,tome,True,False,
entry-03057,tome,True,False,
entry-03058,tome,True,True,unmapped_observation;reported_observation_not_claim_mapped
entry-03059,tome,True,False,
entry-03060,tome,True,False,
entry-03061,tome,True,False,
entry-03062,tome,True,False,
entry-03063,tome,True,False,
entry-03064,tome,True,False,
entry-03065,tome,True,False,
entry-03066,tome,True,False,
entry-03067,tome,True,False,
entry-03068,tome,True,False,
entry-03069,tome,True,False,
entry-03070,tome,True,False,
entry-03071,tome,True,False,
entry-03072,tome,True,False,
entry-03073,tome,True,False,
entry-03074,tome,True,False,
entry-03075,tome,True,False,
entry-03076,tome,True,False,
entry-03077,tome,True,False,
entry-03078,tome,True,False,
entry-03079,tome,True,False,
entry-03080,tome,True,False,
entry-03081,tome,True,False,
entry-03082,tome,True,False,
entry-03083,tome,True,False,
entry-03084,tome,True,False,
entry-03085,tome,True,False,
entry-03086,tome,True,False,
entry-03087,tome,True,False,
entry-03088,tome,True,False,
entry-03089,tome,True,False,
entry-03090,tome,True,False,
entry-03091,tome,True,False,
entry-03092,tome,True,False,unmapped_observation;pending_fact_or_source;reported_observation_not_claim_mapped;reported_suspicion_not_cross_reviewed
entry-03093,tome,True,False,
entry-03094,tome,True,False,
entry-03095,tome,True,False,
entry-03096,tome,True,False,
entry-03097,tome,True,False,
entry-03098,tome,True,False,
entry-03099,tome,True,False,
entry-03100,tome,True,False,
entry-03101,tome,True,False,
entry-03102,tome,True,False,
entry-03103,tome,True,False,
entry-03104,tome,True,False,
entry-03105,tome,True,False,
entry-03106,tome,True,False,
entry-03107,tome,True,False,
entry-03108,tome,True,False,
entry-03109,tome,True,False,
entry-03110,tome,True,False,
entry-03111,tome,True,False,
entry-03112,tome,True,False,unmapped_observation;pending_fact_or_source;reported_observation_not_claim_mapped;reported_suspicion_not_cross_reviewed
entry-03113,tome,True,False,
entry-03114,tome,True,False,unmapped_observation;pending_fact_or_source;reported_observation_not_claim_mapped;reported_suspicion_not_cross_reviewed
entry-03115,tome,True,False,
entry-03116,tome,True,False,
entry-03117,tome,True,False,
entry-03118,tome,True,False,unmapped_observation;reported_observation_not_claim_mapped;reported_suspicion_not_cross_reviewed
entry-03119,tome,True,False,
entry-03120,tome,True,False,
entry-03121,tome,True,False,
entry-03122,tome,True,False,unmapped_observation;pending_fact_or_source;reported_observation_not_claim_mapped;reported_suspicion_not_cross_reviewed
entry-03123,tome,True,False,
entry-03124,tome,True,False,
entry-03125,tome,True,False,
entry-03126,tome,True,False,
entry-03127,tome,True,False,
entry-03128,tome,True,False,
entry-03129,tome,True,False,unmapped_observation;reported_observation_not_claim_mapped;reported_suspicion_not_cross_reviewed
entry-03130,tome,True,False,
entry-03131,tome,True,False,unmapped_observation;source_local_parsing_pending
entry-03132,tome,True,False,
entry-03133,tome,True,False,
entry-03134,tome,True,False,
entry-03135,tome,True,False,
entry-03136,tome,True,False,
entry-03137,tome,True,False,unmapped_observation;reported_observation_not_claim_mapped;reported_suspicion_not_cross_reviewed
entry-03138,tome,True,False,
entry-03139,tome,True,False,unmapped_observation;reported_observation_not_claim_mapped;reported_suspicion_not_cross_reviewed
entry-03140,tome,True,False,
entry-03141,tome,True,False,
entry-03142,tome,True,False,
entry-03143,tome,True,False,
entry-03144,tome,True,False,
entry-03145,tome,True,False,
entry-03146,tome,True,False,
entry-03147,tome,True,False,
entry-03148,tome,True,False,
entry-03149,tome,True,False,unmapped_observation;reported_observation_not_claim_mapped;reported_suspicion_not_cross_reviewed
entry-03150,tome,True,False,
entry-03151,tome,True,False,
entry-03152,tome,True,False,
entry-03153,tome,True,False,
entry-03154,tome,True,False,
entry-03155,tome,True,False,
entry-03156,tome,True,False,
entry-03157,tome,True,False,
entry-03158,tome,True,False,
entry-03159,tome,True,False,
entry-03160,tome,True,False,
entry-03161,tome,True,False,
entry-03162,tome,True,False,
entry-03163,tome,True,False,
entry-03164,tome,True,False,
entry-03165,tome,True,False,
entry-03166,tome,True,False,
entry-03167,tome,True,False,unmapped_observation;pending_fact_or_source;reported_observation_not_claim_mapped;reported_suspicion_not_cross_reviewed
entry-03168,tome,True,False,
entry-03169,tome,True,False,
entry-03170,tome,True,False,
entry-03171,tome,True,False,
entry-03172,tome,True,False,
entry-03173,tome,True,False,
entry-03174,tome,True,False,unmapped_observation
entry-03175,tome,True,False,unmapped_observation
entry-03176,tome,True,False,unmapped_observation;reported_observation_not_claim_mapped
entry-03177,tome,True,False,
entry-03178,tome,True,False,
entry-03179,tome,True,False,
entry-03180,tome,True,False,
entry-03181,tome,True,False,
entry-03182,tome,True,False,
entry-03183,tome,True,False,unmapped_observation;reported_observation_not_claim_mapped
entry-03184,tome,True,False,
entry-03185,tome,True,False,
entry-03186,tome,True,False,
entry-03187,tome,True,False,
entry-03188,tome,True,False,
entry-03189,tome,True,False,
entry-03190,tome,True,False,
entry-03191,tome,True,False,unmapped_observation;reported_observation_not_claim_mapped
entry-03192,tome,True,False,unmapped_observation;reported_observation_not_claim_mapped
entry-03193,tome,True,False,
entry-03194,tome,True,False,
entry-03195,tome,True,False,unmapped_observation;reported_observation_not_claim_mapped
entry-03196,tome,True,False,unmapped_observation;reported_observation_not_claim_mapped
entry-03197,tome,True,False,unmapped_observation;reported_observation_not_claim_mapped
entry-03198,tome,True,False,
entry-03199,tome,True,False,
entry-03200,tome,True,False,
entry-03201,tome,True,False,unmapped_observation;reported_observation_not_claim_mapped
entry-03202,tome,True,False,
entry-03203,tome,True,False,unmapped_observation;reported_observation_not_claim_mapped
entry-03204,tome,True,False,
entry-03205,tome,True,False,
entry-03206,tome,True,False,pending_fact_or_source
entry-03207,tome,True,False,
entry-03208,tome,True,False,
entry-03209,tome,True,False,unmapped_observation
entry-03210,tome,True,False,unmapped_observation;pending_fact_or_source
entry-03211,tome,True,False,unmapped_observation
entry-03212,tome,True,False,
entry-03213,tome,True,False,
entry-03214,tome,True,False,
entry-03215,tome,True,False,
entry-03216,tome,True,False,unmapped_observation;reported_observation_not_claim_mapped
entry-03217,tome,True,False,unmapped_observation;reported_observation_not_claim_mapped
entry-03218,tome,True,False,unmapped_observation;reported_observation_not_claim_mapped
entry-03219,tome,True,False,
entry-03220,tome,True,False,unmapped_observation;reported_observation_not_claim_mapped
entry-03221,tome,True,False,
entry-03222,tome,True,False,unmapped_observation;reported_observation_not_claim_mapped
entry-03223,tome,True,False,
entry-03224,tome,True,False,
entry-03225,tome,True,False,unmapped_observation;reported_observation_not_claim_mapped
entry-03226,tome,True,False,
entry-03227,tome,True,False,unmapped_observation;reported_observation_not_claim_mapped
entry-03228,tome,True,False,
entry-03229,tome,True,False,
entry-03230,tome,True,False,unmapped_observation;reported_observation_not_claim_mapped
entry-03231,tome,True,False,
entry-03232,tome,True,False,
entry-03233,tome,True,False,
entry-03234,tome,True,False,
entry-03235,tome,True,False,
entry-03236,tome,True,False,unmapped_observation;pending_fact_or_source;reported_observation_not_claim_mapped
entry-03237,tome,True,False,
entry-03238,tome,True,False,
entry-03239,tome,True,False,
entry-03240,tome,True,False,
entry-03241,tome,True,False,
entry-03242,tome,True,False,
entry-03243,tome,True,False,
entry-03244,tome,True,False,
entry-03245,tome,True,False,unmapped_observation;reported_observation_not_claim_mapped
entry-03246,tome,True,False,
entry-03247,tome,True,False,
entry-03248,tome,True,False,unmapped_observation;reported_observation_not_claim_mapped
entry-03249,tome,True,False,
entry-03250,tome,True,False,
entry-03251,tome,True,False,
entry-03252,tome,True,False,
entry-03253,tome,True,False,
entry-03254,tome,True,False,
entry-03255,tome,True,False,
entry-03256,tome,True,False,
entry-03257,tome,True,False,
entry-03258,tome,True,False,unmapped_observation;reported_observation_not_claim_mapped
entry-03259,tome,True,False,
entry-03260,tome,True,False,
entry-03261,tome,True,False,
entry-03262,tome,True,False,
entry-03263,tome,True,False,unmapped_observation;reported_observation_not_claim_mapped
entry-03264,tome,True,False,
entry-03265,tome,True,False,
entry-03266,tome,True,False,
entry-03267,tome,True,False,
entry-03268,tome,True,False,unmapped_observation;reported_observation_not_claim_mapped
entry-03269,tome,True,False,
entry-03270,tome,True,False,
entry-03271,tome,True,False,
entry-03272,tome,True,False,unmapped_observation;reported_observation_not_claim_mapped
entry-03273,tome,True,False,
entry-03274,tome,True,False,
entry-03275,tome,True,False,
entry-03276,tome,True,False,
entry-03277,tome,True,False,
entry-03278,tome,True,False,
entry-03279,tome,True,False,
entry-03280,tome,True,False,
entry-03281,tome,True,False,
entry-03282,tome,True,False,unmapped_observation;reported_observation_not_claim_mapped
entry-03283,tome,True,False,
entry-03284,tome,True,False,
entry-03285,tome,True,False,
entry-03286,tome,True,False,
entry-03287,tome,True,False,
entry-03288,tome,True,False,
entry-03289,tome,True,False,unmapped_observation;reported_observation_not_claim_mapped
entry-03290,tome,True,False,
entry-03291,tome,True,False,
entry-03292,tome,True,False,
entry-03293,tome,True,False,
entry-03294,tome,True,False,unmapped_observation;reported_observation_not_claim_mapped
entry-03295,tome,True,False,
entry-03296,tome,True,False,
entry-03297,tome,True,False,
entry-03298,tome,True,False,
entry-03299,tome,True,False,unmapped_observation;pending_fact_or_source;reported_observation_not_claim_mapped
entry-03300,tome,True,False,unmapped_observation;reported_observation_not_claim_mapped
entry-03301,tome,True,False,
entry-03302,tome,True,False,
entry-03303,tome,True,False,
entry-03304,tome,True,False,
entry-03305,tome,True,False,unmapped_observation;reported_observation_not_claim_mapped
entry-03306,tome,True,False,
entry-03307,tome,True,False,
entry-03308,tome,True,False,
entry-03309,tome,True,False,
entry-03310,tome,True,False,
entry-03311,tome,True,False,
entry-03312,tome,True,False,
entry-03313,tome,True,False,
entry-03314,tome,True,False,
entry-03315,tome,True,False,
entry-03316,tome,True,False,
entry-03317,tome,True,False,
entry-03318,tome,True,False,
entry-03319,tome,True,False,
entry-03320,tome,True,False,
entry-03321,tome,True,False,
entry-03322,tome,True,False,pending_fact_or_source
entry-03323,tome,True,False,
entry-03324,tome,True,False,
entry-03325,tome,True,False,
entry-03326,tome,True,False,
entry-03327,addon-dev,True,False,pending_fact_or_source
entry-03328,addon-dev,True,False,pending_fact_or_source
entry-03329,addon-dev,True,False,
entry-03330,addon-dev,True,False,
entry-03331,addon-dev,True,False,
entry-03332,addon-dev,True,False,
entry-03333,addon-dev,True,False,
entry-03334,addon-dev,True,False,
entry-03335,addon-dev,True,False,unmapped_observation;reported_observation_not_claim_mapped
entry-03336,ashes-urhrok,True,False,pending_fact_or_source
entry-03337,ashes-urhrok,True,False,
entry-03338,ashes-urhrok,True,False,
entry-03339,ashes-urhrok,True,False,
entry-03340,ashes-urhrok,True,False,
entry-03341,ashes-urhrok,True,False,unmapped_observation;reported_observation_not_claim_mapped
entry-03342,ashes-urhrok,True,False,
entry-03343,ashes-urhrok,True,False,
entry-03344,ashes-urhrok,True,False,
entry-03345,ashes-urhrok,True,False,unmapped_observation;reported_observation_not_claim_mapped
entry-03346,ashes-urhrok,True,False,
entry-03347,ashes-urhrok,True,False,unmapped_observation;reported_observation_not_claim_mapped
entry-03348,ashes-urhrok,True,False,
entry-03349,ashes-urhrok,True,False,
entry-03350,ashes-urhrok,True,False,
entry-03351,ashes-urhrok,True,False,
entry-03352,ashes-urhrok,True,False,unmapped_observation;reported_observation_not_claim_mapped
entry-03353,ashes-urhrok,True,False,
entry-03354,ashes-urhrok,True,False,
entry-03355,ashes-urhrok,True,False,
entry-03356,ashes-urhrok,True,False,
entry-03357,ashes-urhrok,True,False,
entry-03358,ashes-urhrok,True,False,
entry-03359,ashes-urhrok,True,False,
entry-03360,ashes-urhrok,True,False,pending_fact_or_source
entry-03361,ashes-urhrok,True,False,
entry-03362,ashes-urhrok,True,False,
entry-03363,ashes-urhrok,True,False,unmapped_observation;reported_observation_not_claim_mapped
entry-03364,ashes-urhrok,True,False,unmapped_observation;reported_observation_not_claim_mapped
entry-03365,ashes-urhrok,True,False,unmapped_observation;reported_observation_not_claim_mapped
entry-03366,ashes-urhrok,True,False,unmapped_observation;reported_observation_not_claim_mapped
entry-03367,ashes-urhrok,True,False,
entry-03368,ashes-urhrok,True,False,
entry-03369,ashes-urhrok,True,False,
entry-03370,ashes-urhrok,True,False,
entry-03371,ashes-urhrok,True,False,
entry-03372,ashes-urhrok,True,False,
entry-03373,ashes-urhrok,True,False,
entry-03374,ashes-urhrok,True,False,unmapped_observation;reported_observation_not_claim_mapped
entry-03375,ashes-urhrok,True,False,
entry-03376,ashes-urhrok,True,False,unmapped_observation;reported_observation_not_claim_mapped
entry-03377,ashes-urhrok,True,False,unmapped_observation;reported_observation_not_claim_mapped
entry-03378,ashes-urhrok,True,False,
entry-03379,ashes-urhrok,True,False,
entry-03380,ashes-urhrok,True,False,
entry-03381,ashes-urhrok,True,False,pending_fact_or_source
entry-03382,ashes-urhrok,True,False,
entry-03383,ashes-urhrok,True,False,unmapped_observation;reported_observation_not_claim_mapped
entry-03384,ashes-urhrok,True,False,unmapped_observation;reported_observation_not_claim_mapped
entry-03385,ashes-urhrok,True,False,
entry-03386,ashes-urhrok,True,False,
entry-03387,ashes-urhrok,True,False,
entry-03388,ashes-urhrok,True,False,unmapped_observation;reported_observation_not_claim_mapped
entry-03389,ashes-urhrok,True,False,
entry-03390,ashes-urhrok,True,False,
entry-03391,ashes-urhrok,True,False,
entry-03392,ashes-urhrok,True,False,
entry-03393,ashes-urhrok,True,False,unmapped_observation;reported_observation_not_claim_mapped
entry-03394,ashes-urhrok,True,False,
entry-03395,ashes-urhrok,True,False,unmapped_observation;reported_observation_not_claim_mapped
entry-03396,ashes-urhrok,True,False,unmapped_observation;pending_fact_or_source;reported_observation_not_claim_mapped
entry-03397,ashes-urhrok,True,False,
entry-03398,ashes-urhrok,True,False,
entry-03399,ashes-urhrok,True,False,
entry-03400,ashes-urhrok,True,False,unmapped_observation;reported_observation_not_claim_mapped
entry-03401,ashes-urhrok,True,False,
entry-03402,ashes-urhrok,True,False,unmapped_observation;reported_observation_not_claim_mapped
entry-03403,ashes-urhrok,True,False,pending_fact_or_source
entry-03404,ashes-urhrok,True,False,unmapped_observation;reported_observation_not_claim_mapped
entry-03405,ashes-urhrok,True,False,
entry-03406,ashes-urhrok,True,False,
entry-03407,ashes-urhrok,True,False,pending_fact_or_source
entry-03408,ashes-urhrok,True,False,
entry-03409,ashes-urhrok,True,False,
entry-03410,ashes-urhrok,True,False,
entry-03411,ashes-urhrok,True,False,
entry-03412,ashes-urhrok,True,False,pending_fact_or_source
entry-03413,ashes-urhrok,True,False,unmapped_observation;pending_fact_or_source;reported_observation_not_claim_mapped
entry-03414,ashes-urhrok,True,False,
entry-03415,ashes-urhrok,True,False,
entry-03416,ashes-urhrok,True,False,pending_fact_or_source
entry-03417,ashes-urhrok,True,False,
entry-03418,ashes-urhrok,True,False,
entry-03419,ashes-urhrok,True,False,
entry-03420,ashes-urhrok,True,False,unmapped_observation;reported_observation_not_claim_mapped
entry-03421,ashes-urhrok,True,False,
entry-03422,ashes-urhrok,True,False,pending_fact_or_source
entry-03423,ashes-urhrok,True,False,
entry-03424,ashes-urhrok,True,False,pending_fact_or_source
entry-03425,ashes-urhrok,True,False,pending_fact_or_source
entry-03426,ashes-urhrok,True,False,
entry-03427,ashes-urhrok,True,False,pending_fact_or_source
entry-03428,ashes-urhrok,True,False,
entry-03429,ashes-urhrok,True,False,unmapped_observation;reported_observation_not_claim_mapped
entry-03430,ashes-urhrok,True,False,unmapped_observation;reported_observation_not_claim_mapped
entry-03431,ashes-urhrok,True,False,unmapped_observation;pending_fact_or_source;reported_observation_not_claim_mapped
entry-03432,ashes-urhrok,True,False,
entry-03433,ashes-urhrok,True,False,
entry-03434,ashes-urhrok,True,False,
entry-03435,ashes-urhrok,True,False,
entry-03436,ashes-urhrok,True,False,unmapped_observation;reported_observation_not_claim_mapped
entry-03437,ashes-urhrok,True,False,unmapped_observation;reported_observation_not_claim_mapped
entry-03438,ashes-urhrok,True,False,pending_fact_or_source
entry-03439,ashes-urhrok,True,False,
entry-03440,ashes-urhrok,True,False,
entry-03441,ashes-urhrok,True,False,unmapped_observation;reported_observation_not_claim_mapped
entry-03442,ashes-urhrok,True,False,
entry-03443,ashes-urhrok,True,False,
entry-03444,ashes-urhrok,True,False,
entry-03445,ashes-urhrok,True,False,unmapped_observation;reported_observation_not_claim_mapped
entry-03446,ashes-urhrok,True,False,
entry-03447,ashes-urhrok,True,False,pending_fact_or_source
entry-03448,ashes-urhrok,True,False,unmapped_observation;reported_observation_not_claim_mapped
entry-03449,ashes-urhrok,True,False,
entry-03450,ashes-urhrok,True,False,
entry-03451,ashes-urhrok,True,False,
entry-03452,ashes-urhrok,True,False,
entry-03453,ashes-urhrok,True,False,
entry-03454,ashes-urhrok,True,False,unmapped_observation;reported_observation_not_claim_mapped
entry-03455,ashes-urhrok,True,False,unmapped_observation;pending_fact_or_source;reported_observation_not_claim_mapped
entry-03456,ashes-urhrok,True,False,unmapped_observation;reported_observation_not_claim_mapped
entry-03457,ashes-urhrok,True,False,pending_fact_or_source
entry-03458,ashes-urhrok,True,False,unmapped_observation;pending_fact_or_source;reported_observation_not_claim_mapped
entry-03459,ashes-urhrok,True,False,
entry-03460,ashes-urhrok,True,False,unmapped_observation;pending_fact_or_source;reported_observation_not_claim_mapped
entry-03461,ashes-urhrok,True,False,
entry-03462,cults,True,False,
entry-03463,cults,True,False,
entry-03464,cults,True,False,unmapped_observation;reported_observation_not_claim_mapped
entry-03465,cults,True,False,pending_fact_or_source
entry-03466,cults,True,False,pending_fact_or_source
entry-03467,cults,True,False,
entry-03468,cults,True,False,unmapped_observation;reported_observation_not_claim_mapped
entry-03469,cults,True,False,pending_fact_or_source
entry-03470,cults,True,False,
entry-03471,cults,True,False,
entry-03472,cults,True,False,unmapped_observation;reported_observation_not_claim_mapped
entry-03473,cults,True,False,pending_fact_or_source
entry-03474,cults,True,False,
entry-03475,cults,True,False,unmapped_observation;reported_observation_not_claim_mapped
entry-03476,cults,True,False,unmapped_observation;reported_observation_not_claim_mapped
entry-03477,cults,True,False,unmapped_observation;reported_observation_not_claim_mapped
entry-03478,cults,True,False,
entry-03479,cults,True,False,
entry-03480,cults,True,False,
entry-03481,cults,True,False,
entry-03482,cults,True,False,
entry-03483,cults,True,False,
entry-03484,cults,True,False,
entry-03485,cults,True,False,
entry-03486,cults,True,False,
entry-03487,cults,True,False,
entry-03488,cults,True,False,unmapped_observation;reported_observation_not_claim_mapped
entry-03489,cults,True,False,unmapped_observation;reported_observation_not_claim_mapped
entry-03490,cults,True,False,unmapped_observation;reported_observation_not_claim_mapped
entry-03491,cults,True,False,unmapped_observation;pending_fact_or_source;reported_observation_not_claim_mapped
entry-03492,cults,True,False,
entry-03493,cults,True,False,unmapped_observation;pending_fact_or_source;reported_observation_not_claim_mapped
entry-03494,cults,True,False,
entry-03495,cults,True,False,
entry-03496,cults,True,False,unmapped_observation;reported_observation_not_claim_mapped
entry-03497,cults,True,False,
entry-03498,cults,True,False,
entry-03499,cults,True,False,
entry-03500,cults,True,False,
entry-03501,cults,True,False,unmapped_observation;reported_observation_not_claim_mapped
entry-03502,cults,True,False,
entry-03503,cults,True,False,
entry-03504,cults,True,False,
entry-03505,cults,True,False,
entry-03506,cults,True,False,
entry-03507,cults,True,False,
entry-03508,cults,True,False,
entry-03509,cults,True,False,
entry-03510,cults,True,False,unmapped_observation;reported_observation_not_claim_mapped
entry-03511,cults,True,False,unmapped_observation;reported_observation_not_claim_mapped
entry-03512,cults,True,False,
entry-03513,cults,True,False,unmapped_observation;reported_observation_not_claim_mapped
entry-03514,cults,True,False,unmapped_observation;reported_observation_not_claim_mapped
entry-03515,cults,True,False,
entry-03516,cults,True,False,
entry-03517,cults,True,False,unmapped_observation;reported_observation_not_claim_mapped
entry-03518,cults,True,False,
entry-03519,cults,True,False,
entry-03520,cults,True,False,
entry-03521,cults,True,False,
entry-03522,cults,True,False,
entry-03523,cults,True,False,
entry-03524,cults,True,False,
entry-03525,cults,True,False,
entry-03526,cults,True,False,
entry-03527,cults,True,False,unmapped_observation;reported_observation_not_claim_mapped
entry-03528,cults,True,False,
entry-03529,cults,True,False,
entry-03530,cults,True,False,
entry-03531,cults,True,False,unmapped_observation;reported_observation_not_claim_mapped
entry-03532,cults,True,False,
entry-03533,cults,True,False,unmapped_observation;reported_observation_not_claim_mapped
entry-03534,cults,True,False,
entry-03535,cults,True,False,unmapped_observation;pending_fact_or_source;reported_observation_not_claim_mapped
entry-03536,cults,True,False,
entry-03537,cults,True,False,
entry-03538,cults,True,False,
entry-03539,cults,True,False,
entry-03540,cults,True,False,unmapped_observation;reported_observation_not_claim_mapped
entry-03541,cults,True,False,
entry-03542,cults,True,False,
entry-03543,cults,True,False,unmapped_observation;reported_observation_not_claim_mapped
entry-03544,cults,True,False,unmapped_observation;pending_fact_or_source;reported_observation_not_claim_mapped
entry-03545,cults,True,False,
entry-03546,cults,True,False,
entry-03547,cults,True,False,
entry-03548,cults,True,False,unmapped_observation;reported_observation_not_claim_mapped
entry-03549,cults,True,False,unmapped_observation;reported_observation_not_claim_mapped
entry-03550,cults,True,False,
entry-03551,cults,True,False,unmapped_observation;reported_observation_not_claim_mapped
entry-03552,cults,True,False,
entry-03553,cults,True,False,
entry-03554,cults,True,False,
entry-03555,cults,True,False,unmapped_observation;reported_observation_not_claim_mapped
entry-03556,cults,True,False,
entry-03557,cults,True,False,unmapped_observation;reported_observation_not_claim_mapped
entry-03558,cults,True,False,unmapped_observation;reported_observation_not_claim_mapped
entry-03559,cults,True,False,
entry-03560,cults,True,False,
entry-03561,cults,True,False,
entry-03562,cults,True,False,unmapped_observation;reported_observation_not_claim_mapped
entry-03563,cults,True,False,
entry-03564,cults,True,False,unmapped_observation;reported_observation_not_claim_mapped
entry-03565,cults,True,False,pending_fact_or_source
entry-03566,cults,True,False,pending_fact_or_source
entry-03567,cults,True,False,pending_fact_or_source
entry-03568,cults,True,False,unmapped_observation;pending_fact_or_source;reported_observation_not_claim_mapped
entry-03569,cults,True,False,pending_fact_or_source
entry-03570,cults,True,False,unmapped_observation;reported_observation_not_claim_mapped
entry-03571,cults,True,False,unmapped_observation;reported_observation_not_claim_mapped
entry-03572,cults,True,False,pending_fact_or_source
entry-03573,cults,True,False,
entry-03574,cults,True,False,unmapped_observation;pending_fact_or_source;reported_observation_not_claim_mapped
entry-03575,cults,True,False,
entry-03576,cults,True,False,pending_fact_or_source
entry-03577,cults,True,False,
entry-03578,cults,True,False,pending_fact_or_source
entry-03579,cults,True,False,unmapped_observation;pending_fact_or_source;reported_observation_not_claim_mapped
entry-03580,cults,True,False,
entry-03581,cults,True,False,unmapped_observation;reported_observation_not_claim_mapped
entry-03582,cults,True,False,unmapped_observation;pending_fact_or_source;reported_observation_not_claim_mapped
entry-03583,cults,True,False,unmapped_observation;pending_fact_or_source;reported_observation_not_claim_mapped
entry-03584,cults,True,False,pending_fact_or_source
entry-03585,cults,True,False,
entry-03586,cults,True,False,pending_fact_or_source
entry-03587,cults,True,False,
entry-03588,cults,True,False,unmapped_observation;pending_fact_or_source;reported_observation_not_claim_mapped
entry-03589,cults,True,False,
entry-03590,cults,True,False,
entry-03591,cults,True,False,
entry-03592,cults,True,False,
entry-03593,cults,True,False,unmapped_observation;pending_fact_or_source;reported_observation_not_claim_mapped
entry-03594,cults,True,False,unmapped_observation;pending_fact_or_source;reported_observation_not_claim_mapped
entry-03595,cults,True,False,pending_fact_or_source;later_claim_calibration_present
entry-03596,cults,True,False,later_claim_calibration_present
entry-03597,cults,True,False,
entry-03598,cults,True,False,unmapped_observation;reported_observation_not_claim_mapped
entry-03599,cults,True,False,
entry-03600,cults,True,False,unmapped_observation;reported_observation_not_claim_mapped
entry-03601,cults,True,False,
entry-03602,cults,True,False,
entry-03603,cults,True,False,
entry-03604,cults,True,False,unmapped_observation;reported_observation_not_claim_mapped
entry-03605,cults,True,False,pending_fact_or_source;later_claim_calibration_present
entry-03606,cults,True,False,unmapped_observation;reported_observation_not_claim_mapped
entry-03607,cults,True,False,
entry-03608,cults,True,False,
entry-03609,cults,True,False,unmapped_observation;reported_observation_not_claim_mapped
entry-03610,cults,True,False,pending_fact_or_source
entry-03611,cults,True,False,
entry-03612,cults,True,False,pending_fact_or_source
entry-03613,cults,True,False,
entry-03614,cults,True,False,unmapped_observation;pending_fact_or_source;reported_observation_not_claim_mapped
entry-03615,cults,True,False,
entry-03616,cults,True,False,
entry-03617,cults,True,False,unmapped_observation;reported_observation_not_claim_mapped
entry-03618,cults,True,False,
entry-03619,cults,True,False,
entry-03620,cults,True,False,unmapped_observation;later_claim_calibration_present;reported_observation_not_claim_mapped
entry-03621,cults,True,False,
entry-03622,cults,True,False,
entry-03623,cults,True,False,unmapped_observation;reported_observation_not_claim_mapped
entry-03624,cults,True,False,
entry-03625,cults,True,False,
entry-03626,cults,True,False,pending_fact_or_source
entry-03627,cults,True,False,pending_fact_or_source;later_claim_calibration_present
entry-03628,cults,True,False,
entry-03629,cults,True,False,pending_fact_or_source
entry-03630,cults,True,False,unmapped_observation;reported_observation_not_claim_mapped
entry-03631,cults,True,False,
entry-03632,cults,True,False,pending_fact_or_source
entry-03633,cults,True,False,unmapped_observation;reported_observation_not_claim_mapped
entry-03634,cults,True,False,
entry-03635,cults,True,False,
entry-03636,cults,True,False,
entry-03637,cults,True,False,
entry-03638,cults,True,False,
entry-03639,cults,True,False,
entry-03640,cults,True,False,
entry-03641,cults,True,False,
entry-03642,cults,True,False,unmapped_observation;reported_observation_not_claim_mapped
entry-03643,cults,True,False,unmapped_observation;reported_observation_not_claim_mapped
entry-03644,cults,True,False,
entry-03645,cults,True,False,
entry-03646,cults,True,False,pending_fact_or_source
entry-03647,cults,True,False,
entry-03648,cults,True,False,
entry-03649,cults,True,False,
entry-03650,cults,True,False,unmapped_observation;reported_observation_not_claim_mapped
entry-03651,cults,True,False,pending_fact_or_source
entry-03652,cults,True,False,
entry-03653,cults,True,False,
entry-03654,cults,True,False,pending_fact_or_source
entry-03655,cults,True,False,unmapped_observation;reported_observation_not_claim_mapped
entry-03656,cults,True,False,
entry-03657,cults,True,False,
entry-03658,cults,True,False,
entry-03659,cults,True,False,unmapped_observation;reported_observation_not_claim_mapped
entry-03660,cults,True,False,
entry-03661,cults,True,False,
entry-03662,cults,True,False,
entry-03663,cults,True,False,
entry-03664,cults,True,False,
entry-03665,cults,True,False,
entry-03666,cults,True,False,
entry-03667,cults,True,False,
entry-03668,cults,True,False,
entry-03669,cults,True,False,
entry-03670,cults,True,False,
entry-03671,cults,True,False,
entry-03672,cults,True,False,unmapped_observation;reported_observation_not_claim_mapped
entry-03673,cults,True,False,pending_fact_or_source
entry-03674,cults,True,False,
entry-03675,cults,True,False,
entry-03676,cults,True,False,
entry-03677,cults,True,False,
entry-03678,cults,True,False,pending_fact_or_source
entry-03679,cults,True,False,
entry-03680,cults,True,False,
entry-03681,cults,True,False,unmapped_observation;reported_observation_not_claim_mapped
entry-03682,cults,True,False,
entry-03683,cults,True,False,
entry-03684,cults,True,False,pending_fact_or_source
entry-03685,cults,True,False,unmapped_observation;reported_observation_not_claim_mapped
entry-03686,cults,True,False,unmapped_observation;reported_observation_not_claim_mapped
entry-03687,cults,True,False,pending_fact_or_source
entry-03688,cults,True,False,
entry-03689,cults,True,False,unmapped_observation;pending_fact_or_source;later_claim_calibration_present;reported_observation_not_claim_mapped
entry-03690,cults,True,False,
entry-03691,cults,True,False,unmapped_observation;pending_fact_or_source;reported_observation_not_claim_mapped
entry-03692,cults,True,False,unmapped_observation;reported_observation_not_claim_mapped
entry-03693,cults,True,False,
entry-03694,cults,True,False,
entry-03695,cults,True,False,
entry-03696,cults,True,False,
entry-03697,cults,True,False,
entry-03698,items-vault,True,False,unmapped_observation;reported_observation_not_claim_mapped
entry-03699,items-vault,True,False,pending_fact_or_source
entry-03700,items-vault,True,False,
entry-03701,items-vault,True,False,
entry-03702,items-vault,True,False,
entry-03703,items-vault,True,False,
entry-03704,orcs,True,False,unmapped_observation;reported_observation_not_claim_mapped
entry-03705,orcs,True,False,
entry-03706,orcs,True,False,
entry-03707,orcs,True,False,
entry-03708,orcs,True,False,
entry-03709,orcs,True,False,
entry-03710,orcs,True,False,
entry-03711,orcs,True,False,
entry-03712,orcs,True,False,
entry-03713,orcs,True,False,
entry-03714,orcs,True,False,later_claim_calibration_present
entry-03715,orcs,True,False,
entry-03716,orcs,True,False,
entry-03717,orcs,True,False,
entry-03718,orcs,True,False,
entry-03719,orcs,True,False,unmapped_observation;reported_observation_not_claim_mapped
entry-03720,orcs,True,False,
entry-03721,orcs,True,False,
entry-03722,orcs,True,False,
entry-03723,orcs,True,False,
entry-03724,orcs,True,False,
entry-03725,orcs,True,False,
entry-03726,orcs,True,False,
entry-03727,orcs,True,False,
entry-03728,orcs,True,False,unmapped_observation;reported_observation_not_claim_mapped
entry-03729,orcs,True,False,unmapped_observation;pending_fact_or_source;later_claim_calibration_present;reported_observation_not_claim_mapped
entry-03730,orcs,True,False,unmapped_observation;reported_observation_not_claim_mapped
entry-03731,orcs,True,False,
entry-03732,orcs,True,False,unmapped_observation;reported_observation_not_claim_mapped
entry-03733,orcs,True,False,
entry-03734,orcs,True,False,
entry-03735,orcs,True,True,
entry-03736,orcs,True,False,
entry-03737,orcs,True,False,
entry-03738,orcs,True,True,
entry-03739,orcs,True,False,
entry-03740,orcs,True,False,
entry-03741,orcs,True,True,
entry-03742,orcs,True,False,
entry-03743,orcs,True,False,
entry-03744,orcs,True,False,
entry-03745,orcs,True,False,
entry-03746,orcs,True,False,
entry-03747,orcs,True,True,
entry-03748,orcs,True,True,
entry-03749,orcs,True,False,
entry-03750,orcs,True,False,
entry-03751,orcs,True,False,
entry-03752,orcs,True,False,
entry-03753,orcs,True,False,
entry-03754,orcs,True,False,
entry-03755,orcs,True,False,
entry-03756,orcs,True,False,
entry-03757,orcs,True,False,
entry-03758,orcs,True,False,
entry-03759,orcs,True,False,
entry-03760,orcs,True,False,
entry-03761,orcs,True,False,
entry-03762,orcs,True,False,
entry-03763,orcs,True,False,
entry-03764,orcs,True,False,
entry-03765,orcs,True,False,
entry-03766,orcs,True,False,
entry-03767,orcs,True,False,
entry-03768,orcs,True,False,
entry-03769,orcs,True,False,
entry-03770,orcs,True,False,pending_fact_or_source
entry-03771,orcs,True,False,
entry-03772,orcs,True,True,
entry-03773,orcs,True,False,
entry-03774,orcs,True,False,
entry-03775,orcs,True,False,
entry-03776,orcs,True,False,
entry-03777,orcs,True,False,
entry-03778,orcs,True,False,
entry-03779,orcs,True,False,
entry-03780,orcs,True,False,
entry-03781,orcs,True,False,
entry-03782,orcs,True,False,
entry-03783,orcs,True,False,
entry-03784,orcs,True,False,
entry-03785,orcs,True,False,
entry-03786,orcs,True,False,
entry-03787,orcs,True,False,
entry-03788,orcs,True,False,
entry-03789,orcs,True,False,
entry-03790,orcs,True,False,
entry-03791,orcs,True,False,
entry-03792,orcs,True,False,
entry-03793,orcs,True,False,
entry-03794,orcs,True,False,
entry-03795,orcs,True,False,
entry-03796,orcs,True,False,
entry-03797,orcs,True,False,
entry-03798,orcs,True,False,
entry-03799,orcs,True,True,
entry-03800,orcs,True,False,
entry-03801,orcs,True,True,
entry-03802,orcs,True,False,
entry-03803,orcs,True,False,
entry-03804,orcs,True,False,
entry-03805,orcs,True,False,
entry-03806,orcs,True,False,
entry-03807,orcs,True,True,
entry-03808,orcs,True,False,
entry-03809,orcs,True,True,
entry-03810,orcs,True,False,
entry-03811,orcs,True,True,
entry-03812,orcs,True,False,
entry-03813,orcs,True,False,
entry-03814,orcs,True,False,unmapped_observation;reported_observation_not_claim_mapped
entry-03815,orcs,True,True,
entry-03816,orcs,True,False,
entry-03817,orcs,True,False,
entry-03818,orcs,True,False,
entry-03819,orcs,True,False,
entry-03820,orcs,True,False,
entry-03821,orcs,True,False,
entry-03822,orcs,True,False,
entry-03823,orcs,True,True,
entry-03824,orcs,True,False,pending_fact_or_source
entry-03825,orcs,True,False,
entry-03826,orcs,True,False,
entry-03827,orcs,True,True,
entry-03828,orcs,True,False,
entry-03829,orcs,True,False,
entry-03830,orcs,True,False,unmapped_observation;pending_fact_or_source;reported_observation_not_claim_mapped
entry-03831,orcs,True,False,
entry-03832,orcs,True,False,
entry-03833,orcs,True,False,
entry-03834,orcs,True,False,
entry-03835,orcs,True,False,
entry-03836,orcs,True,False,
entry-03837,orcs,True,False,
entry-03838,orcs,True,False,
entry-03839,orcs,True,False,
entry-03840,orcs,True,False,
entry-03841,orcs,True,False,unmapped_observation;reported_observation_not_claim_mapped
entry-03842,orcs,True,False,pending_fact_or_source
entry-03843,orcs,True,False,
entry-03844,orcs,True,False,unmapped_observation;pending_fact_or_source;reported_observation_not_claim_mapped
entry-03845,orcs,True,True,
entry-03846,orcs,True,False,unmapped_observation;pending_fact_or_source;reported_observation_not_claim_mapped
entry-03847,orcs,True,False,unmapped_observation;reported_observation_not_claim_mapped
entry-03848,orcs,True,False,unmapped_observation;reported_observation_not_claim_mapped
entry-03849,orcs,True,True,
entry-03850,orcs,True,False,
entry-03851,orcs,True,True,
entry-03852,orcs,True,True,
entry-03853,orcs,True,True,
entry-03854,orcs,True,True,
entry-03855,orcs,True,False,unmapped_observation;reported_observation_not_claim_mapped
entry-03856,orcs,True,True,
entry-03857,orcs,True,False,
entry-03858,orcs,True,False,
entry-03859,orcs,True,False,
entry-03860,orcs,True,True,
entry-03861,orcs,True,True,
entry-03862,orcs,True,False,unmapped_observation;pending_fact_or_source;reported_observation_not_claim_mapped
entry-03863,orcs,True,False,
entry-03864,orcs,True,True,
entry-03865,orcs,True,True,
entry-03866,orcs,True,False,unmapped_observation;pending_fact_or_source;reported_observation_not_claim_mapped
entry-03867,orcs,True,False,unmapped_observation;pending_fact_or_source;reported_observation_not_claim_mapped
entry-03868,orcs,True,False,unmapped_observation;pending_fact_or_source;reported_observation_not_claim_mapped
entry-03869,orcs,True,False,unmapped_observation;reported_observation_not_claim_mapped
entry-03870,orcs,True,False,unmapped_observation;pending_fact_or_source;reported_observation_not_claim_mapped
entry-03871,orcs,True,True,
entry-03872,orcs,True,False,
entry-03873,orcs,True,False,unmapped_observation;pending_fact_or_source;reported_observation_not_claim_mapped
entry-03874,orcs,True,False,unmapped_observation;reported_observation_not_claim_mapped
entry-03875,orcs,True,True,
entry-03876,orcs,True,False,
entry-03877,orcs,True,False,
entry-03878,orcs,True,False,
entry-03879,orcs,True,False,
entry-03880,orcs,True,False,unmapped_observation;reported_observation_not_claim_mapped
entry-03881,orcs,True,False,
entry-03882,orcs,True,False,
entry-03883,orcs,True,True,
entry-03884,orcs,True,False,
entry-03885,orcs,True,False,unmapped_observation;pending_fact_or_source;reported_observation_not_claim_mapped
entry-03886,orcs,True,False,
entry-03887,orcs,True,False,
entry-03888,orcs,True,False,
entry-03889,orcs,True,False,
entry-03890,orcs,True,True,
entry-03891,orcs,True,False,unmapped_observation;reported_observation_not_claim_mapped
entry-03892,orcs,True,True,
entry-03893,orcs,True,False,
entry-03894,orcs,True,False,unmapped_observation;reported_observation_not_claim_mapped
entry-03895,orcs,True,False,
entry-03896,orcs,True,False,
entry-03897,orcs,True,False,
entry-03898,orcs,True,False,
entry-03899,orcs,True,False,
entry-03900,orcs,True,False,
entry-03901,orcs,True,False,
entry-03902,orcs,True,False,
entry-03903,orcs,True,False,
entry-03904,orcs,True,False,
entry-03905,orcs,True,False,
entry-03906,orcs,True,False,
entry-03907,orcs,True,False,
entry-03908,orcs,True,False,
entry-03909,orcs,True,False,
entry-03910,orcs,True,False,
entry-03911,orcs,True,False,
entry-03912,orcs,True,True,
entry-03913,orcs,True,True,
entry-03914,orcs,True,False,
entry-03915,orcs,True,False,unmapped_observation;pending_fact_or_source;reported_observation_not_claim_mapped
entry-03916,orcs,True,False,
entry-03917,orcs,True,False,
entry-03918,orcs,True,True,
entry-03919,orcs,True,False,
entry-03920,orcs,True,False,unmapped_observation;reported_observation_not_claim_mapped
entry-03921,orcs,True,True,
entry-03922,orcs,True,False,
entry-03923,orcs,True,False,unmapped_observation;reported_observation_not_claim_mapped
entry-03924,orcs,True,True,
entry-03925,orcs,True,True,
entry-03926,orcs,True,True,
entry-03927,orcs,True,False,
entry-03928,orcs,True,False,unmapped_observation;reported_observation_not_claim_mapped
entry-03929,orcs,True,False,unmapped_observation;reported_observation_not_claim_mapped
entry-03930,orcs,True,False,
entry-03931,orcs,True,True,
entry-03932,orcs,True,False,
entry-03933,orcs,True,True,
entry-03934,orcs,True,False,
entry-03935,orcs,True,False,
entry-03936,orcs,True,False,
entry-03937,orcs,True,False,
entry-03938,orcs,True,False,
entry-03939,orcs,True,True,
entry-03940,orcs,True,True,
entry-03941,orcs,True,False,
entry-03942,orcs,True,False,
entry-03943,orcs,True,False,
entry-03944,orcs,True,False,
entry-03945,orcs,True,False,
entry-03946,orcs,True,True,
entry-03947,orcs,True,False,
entry-03948,orcs,True,False,pending_fact_or_source
entry-03949,orcs,True,False,
entry-03950,orcs,True,True,
entry-03951,orcs,True,True,
entry-03952,orcs,True,False,
entry-03953,orcs,True,True,
entry-03954,orcs,True,False,
entry-03955,orcs,True,False,pending_fact_or_source
entry-03956,orcs,True,False,
entry-03957,orcs,True,False,
entry-03958,orcs,True,False,
entry-03959,orcs,True,False,
entry-03960,orcs,True,True,
entry-03961,orcs,True,False,
entry-03962,orcs,True,False,unmapped_observation;pending_fact_or_source;reported_observation_not_claim_mapped
entry-03963,orcs,True,False,
entry-03964,orcs,True,False,unmapped_observation;reported_observation_not_claim_mapped
entry-03965,orcs,True,False,
entry-03966,orcs,True,False,
entry-03967,orcs,True,True,
entry-03968,orcs,True,False,
entry-03969,orcs,True,False,
entry-03970,orcs,True,True,
entry-03971,orcs,True,True,
entry-03972,orcs,True,True,
entry-03973,orcs,True,True,
entry-03974,orcs,True,False,
entry-03975,orcs,True,False,
entry-03976,orcs,True,False,
entry-03977,orcs,True,True,
entry-03978,orcs,True,False,
entry-03979,orcs,True,False,
entry-03980,orcs,True,False,
entry-03981,orcs,True,False,
entry-03982,orcs,True,False,
entry-03983,orcs,True,False,
entry-03984,orcs,True,True,
entry-03985,orcs,True,True,
entry-03986,orcs,True,False,
entry-03987,orcs,True,False,
entry-03988,orcs,True,False,unmapped_observation;reported_observation_not_claim_mapped
entry-03989,orcs,True,False,unmapped_observation;reported_observation_not_claim_mapped
entry-03990,orcs,True,True,
entry-03991,orcs,True,False,
entry-03992,orcs,True,False,
entry-03993,orcs,True,False,
entry-03994,orcs,True,False,pending_fact_or_source
entry-03995,orcs,True,False,unmapped_observation;reported_observation_not_claim_mapped
entry-03996,orcs,True,True,
entry-03997,orcs,True,True,
entry-03998,orcs,True,False,
entry-03999,orcs,True,False,
entry-04000,orcs,True,True,
entry-04001,orcs,True,True,
entry-04002,orcs,True,False,
entry-04003,orcs,True,False,
entry-04004,orcs,True,False,
entry-04005,orcs,True,False,
entry-04006,orcs,True,False,
entry-04007,orcs,True,False,
entry-04008,orcs,True,True,
entry-04009,orcs,True,False,
entry-04010,orcs,True,False,
entry-04011,orcs,True,False,
entry-04012,orcs,True,False,
entry-04013,orcs,True,False,
entry-04014,orcs,True,True,
entry-04015,orcs,True,True,
entry-04016,orcs,True,False,
entry-04017,orcs,True,False,
entry-04018,orcs,True,True,
entry-04019,orcs,True,True,
entry-04020,orcs,True,False,
entry-04021,orcs,True,False,
entry-04022,orcs,True,True,
entry-04023,orcs,True,True,
entry-04024,orcs,True,False,
entry-04025,orcs,True,False,
entry-04026,orcs,True,False,
entry-04027,orcs,True,False,
entry-04028,orcs,True,True,
entry-04029,orcs,True,False,
entry-04030,orcs,True,False,
entry-04031,orcs,True,False,
entry-04032,orcs,True,False,
entry-04033,orcs,True,False,
entry-04034,orcs,True,False,
entry-04035,orcs,True,True,
entry-04036,orcs,True,False,
entry-04037,orcs,True,False,
entry-04038,orcs,True,False,
entry-04039,orcs,True,False,
entry-04040,orcs,True,False,
entry-04041,orcs,True,False,
entry-04042,orcs,True,False,
entry-04043,orcs,True,False,
entry-04044,orcs,True,False,
entry-04045,orcs,True,False,
entry-04046,orcs,True,True,
entry-04047,orcs,True,True,
entry-04048,orcs,True,False,
entry-04049,orcs,True,True,
entry-04050,orcs,True,False,
entry-04051,orcs,True,False,
entry-04052,orcs,True,False,
entry-04053,orcs,True,True,
entry-04054,orcs,True,True,
entry-04055,orcs,True,True,
entry-04056,orcs,True,True,
entry-04057,orcs,True,False,
entry-04058,orcs,True,False,
entry-04059,orcs,True,False,
entry-04060,orcs,True,False,
entry-04061,orcs,True,False,
entry-04062,orcs,True,False,
entry-04063,orcs,True,False,
entry-04064,orcs,True,False,
entry-04065,orcs,True,False,
entry-04066,orcs,True,True,
entry-04067,orcs,True,False,
entry-04068,orcs,True,False,
entry-04069,orcs,True,False,
entry-04070,orcs,True,False,
entry-04071,orcs,True,False,
entry-04072,orcs,True,False,
entry-04073,orcs,True,False,
entry-04074,orcs,True,False,
entry-04075,orcs,True,False,
entry-04076,orcs,True,False,
entry-04077,orcs,True,False,
entry-04078,orcs,True,False,
entry-04079,orcs,True,False,
entry-04080,orcs,True,False,
entry-04081,orcs,True,False,
entry-04082,orcs,True,False,
entry-04083,orcs,True,False,
entry-04084,orcs,True,False,
entry-04085,orcs,True,False,
entry-04086,orcs,True,False,
entry-04087,orcs,True,False,
entry-04088,orcs,True,True,
entry-04089,orcs,True,False,
entry-04090,orcs,True,False,
entry-04091,orcs,True,False,
entry-04092,orcs,True,True,
entry-04093,orcs,True,False,
entry-04094,orcs,True,False,
entry-04095,orcs,True,False,
entry-04096,orcs,True,False,
entry-04097,orcs,True,False,
entry-04098,orcs,True,False,
entry-04099,orcs,True,False,
entry-04100,orcs,True,False,
entry-04101,orcs,True,True,
entry-04102,orcs,True,False,unmapped_observation;reported_observation_not_claim_mapped
entry-04103,orcs,True,False,
entry-04104,orcs,True,False,
entry-04105,orcs,True,False,
entry-04106,orcs,True,True,
entry-04107,orcs,True,False,
entry-04108,orcs,True,False,
entry-04109,orcs,True,True,
entry-04110,orcs,True,True,
entry-04111,orcs,True,False,
entry-04112,orcs,True,False,
entry-04113,orcs,True,False,unmapped_observation;reported_observation_not_claim_mapped
entry-04114,orcs,True,False,
entry-04115,orcs,True,True,
entry-04116,possessors,True,True,
entry-04117,possessors,True,False,
entry-04118,possessors,True,False,
entry-04119,possessors,True,False,unmapped_observation;reported_observation_not_claim_mapped
entry-04120,possessors,True,False,
entry-04121,possessors,True,False,
entry-04122,possessors,True,False,
entry-04123,possessors,True,True,
entry-04124,possessors,True,False,
entry-04125,possessors,True,False,
entry-04126,possessors,True,False,pending_fact_or_source
entry-04127,possessors,True,False,pending_fact_or_source
entry-04128,possessors,True,False,
entry-04129,possessors,True,True,
entry-04130,possessors,True,False,
entry-04131,possessors,True,False,
entry-04132,possessors,True,False,
entry-04133,possessors,True,False,unmapped_observation;pending_fact_or_source;reported_observation_not_claim_mapped
entry-04134,possessors,True,False,
entry-04135,possessors,True,False,
entry-04136,possessors,True,False,
entry-04137,possessors,True,True,
entry-04138,possessors,True,False,pending_fact_or_source
entry-04139,possessors,True,False,
entry-04140,possessors,True,False,
entry-04141,possessors,True,True,
entry-04142,possessors,True,False,
entry-04143,possessors,True,False,
entry-04144,possessors,True,False,unmapped_observation;reported_observation_not_claim_mapped
